id,ticket_id,actor_user_id,action,motivo,at
1,1,7,CREADO,,2025-08-23T21:09:24
2,1,7,ASIGNADO,,2025-08-23T21:14:24
3,1,7,ACEPTADO,,2025-08-23T21:32:24
4,1,7,INICIADO,,2025-08-23T22:13:24
5,1,7,RESUELTO,,2025-08-24T01:09:24
6,2,15,CREADO,,2025-09-09T11:32:24
7,2,15,ASIGNADO,,2025-09-09T11:37:24
8,3,18,CREADO,,2025-08-25T19:01:24
9,3,18,ASIGNADO,,2025-08-25T19:06:24
10,3,18,ACEPTADO,,2025-08-25T19:35:24
11,3,18,INICIADO,,2025-08-25T20:18:24
12,3,18,RESUELTO,,2025-08-26T00:32:24
13,4,4,CREADO,,2025-08-26T22:33:24
14,5,12,CREADO,,2025-09-02T13:48:24
15,5,12,ASIGNADO,,2025-09-02T13:53:24
16,5,12,ACEPTADO,,2025-09-02T14:21:24
17,5,12,INICIADO,,2025-09-02T15:14:24
18,6,9,CREADO,,2025-08-15T08:34:24
19,6,9,ASIGNADO,,2025-08-15T08:39:24
20,6,9,ACEPTADO,,2025-08-15T08:59:24
21,6,9,INICIADO,,2025-08-15T09:40:24
22,6,9,PAUSADO,Falta repuesto,2025-08-15T09:50:24
23,7,19,CREADO,,2025-08-02T09:31:24
24,7,19,ASIGNADO,,2025-08-02T09:36:24
25,7,19,ACEPTADO,,2025-08-02T10:19:24
26,7,19,INICIADO,,2025-08-02T10:51:24
27,8,12,CREADO,,2025-08-28T11:05:24
28,8,12,ASIGNADO,,2025-08-28T11:10:24
29,9,9,CREADO,,2025-07-21T05:25:24
30,9,9,ASIGNADO,,2025-07-21T05:30:24
31,9,9,ACEPTADO,,2025-07-21T06:07:24
32,9,9,INICIADO,,2025-07-21T06:27:24
33,9,9,PAUSADO,Falta repuesto,2025-07-21T06:49:24
34,10,7,CREADO,,2025-08-24T10:02:24
35,10,7,ASIGNADO,,2025-08-24T10:07:24
36,10,7,ACEPTADO,,2025-08-24T10:18:24
37,10,7,INICIADO,,2025-08-24T11:05:24
38,10,7,RESUELTO,,2025-08-24T15:00:24
39,11,12,CREADO,,2025-07-28T07:30:24
40,11,12,ASIGNADO,,2025-07-28T07:35:24
41,12,8,CREADO,,2025-09-15T17:25:24
42,12,8,ASIGNADO,,2025-09-15T17:30:24
43,12,8,ACEPTADO,,2025-09-15T18:23:24
44,12,8,INICIADO,,2025-09-15T19:22:24
45,13,17,CREADO,,2025-08-22T21:41:24
46,13,17,ASIGNADO,,2025-08-22T21:46:24
47,13,17,ACEPTADO,,2025-08-22T22:09:24
48,13,17,INICIADO,,2025-08-22T22:41:24
49,14,24,CREADO,,2025-09-09T02:02:24
50,14,24,ASIGNADO,,2025-09-09T02:07:24
51,14,24,ACEPTADO,,2025-09-09T02:32:24
52,14,24,INICIADO,,2025-09-09T02:40:24
53,15,9,CREADO,,2025-08-08T18:36:24
54,15,9,ASIGNADO,,2025-08-08T18:41:24
55,15,9,ACEPTADO,,2025-08-08T19:22:24
56,15,9,INICIADO,,2025-08-08T19:42:24
57,15,9,RESUELTO,,2025-08-09T00:53:24
58,16,14,CREADO,,2025-08-15T23:08:24
59,16,14,ASIGNADO,,2025-08-15T23:13:24
60,16,14,ACEPTADO,,2025-08-15T23:43:24
61,16,14,INICIADO,,2025-08-15T23:56:24
62,17,20,CREADO,,2025-07-25T00:50:24
63,17,20,ASIGNADO,,2025-07-25T00:55:24
64,17,20,ACEPTADO,,2025-07-25T01:16:24
65,17,20,INICIADO,,2025-07-25T01:29:24
66,17,20,RESUELTO,,2025-07-25T04:42:24
67,18,23,CREADO,,2025-09-06T20:20:24
68,18,23,ASIGNADO,,2025-09-06T20:25:24
69,18,23,ACEPTADO,,2025-09-06T20:36:24
70,18,23,INICIADO,,2025-09-06T20:49:24
71,19,21,CREADO,,2025-09-14T02:18:24
72,19,21,ASIGNADO,,2025-09-14T02:23:24
73,19,21,ACEPTADO,,2025-09-14T02:59:24
74,20,10,CREADO,,2025-07-30T06:34:24
75,20,10,ASIGNADO,,2025-07-30T06:39:24
76,20,10,ACEPTADO,,2025-07-30T07:31:24
77,20,10,INICIADO,,2025-07-30T08:04:24
78,21,10,CREADO,,2025-07-31T20:18:24
79,21,10,ASIGNADO,,2025-07-31T20:23:24
80,21,10,ACEPTADO,,2025-07-31T20:30:24
81,21,10,INICIADO,,2025-07-31T20:54:24
82,21,10,RESUELTO,,2025-08-01T00:15:24
83,22,10,CREADO,,2025-08-24T08:32:24
84,22,10,ASIGNADO,,2025-08-24T08:37:24
85,23,6,CREADO,,2025-07-28T04:56:24
86,24,13,CREADO,,2025-08-04T22:41:24
87,24,13,ASIGNADO,,2025-08-04T22:46:24
88,24,13,ACEPTADO,,2025-08-04T23:08:24
89,24,13,INICIADO,,2025-08-05T00:08:24
90,24,13,RESUELTO,,2025-08-05T00:58:24
91,25,21,CREADO,,2025-08-11T03:25:24
92,25,21,ASIGNADO,,2025-08-11T03:30:24
93,26,19,CREADO,,2025-07-28T21:25:24
94,26,19,ASIGNADO,,2025-07-28T21:30:24
95,26,19,ACEPTADO,,2025-07-28T21:47:24
96,27,22,CREADO,,2025-08-17T10:07:24
97,27,22,ASIGNADO,,2025-08-17T10:12:24
98,27,22,ACEPTADO,,2025-08-17T10:24:24
99,27,22,INICIADO,,2025-08-17T11:15:24
100,27,22,RESUELTO,,2025-08-17T14:03:24
101,28,20,CREADO,,2025-08-21T21:03:24
102,28,20,ASIGNADO,,2025-08-21T21:08:24
103,28,20,ACEPTADO,,2025-08-21T21:49:24
104,29,25,CREADO,,2025-08-06T19:38:24
105,29,25,ASIGNADO,,2025-08-06T19:43:24
106,30,10,CREADO,,2025-08-08T17:52:24
107,30,10,ASIGNADO,,2025-08-08T17:57:24
108,30,10,ACEPTADO,,2025-08-08T18:14:24
109,31,17,CREADO,,2025-08-22T07:36:24
110,31,17,ASIGNADO,,2025-08-22T07:41:24
111,31,17,ACEPTADO,,2025-08-22T08:01:24
112,31,17,INICIADO,,2025-08-22T08:15:24
113,31,17,RESUELTO,,2025-08-22T14:05:24
114,32,10,CREADO,,2025-07-29T09:54:24
115,32,10,ASIGNADO,,2025-07-29T09:59:24
116,33,18,CREADO,,2025-08-01T20:29:24
117,33,18,ASIGNADO,,2025-08-01T20:34:24
118,33,18,ACEPTADO,,2025-08-01T20:55:24
119,33,18,INICIADO,,2025-08-01T21:48:24
120,33,18,RESUELTO,,2025-08-02T00:09:24
121,34,21,CREADO,,2025-08-17T22:28:24
122,34,21,ASIGNADO,,2025-08-17T22:33:24
123,35,8,CREADO,,2025-08-29T18:37:24
124,35,8,ASIGNADO,,2025-08-29T18:42:24
125,36,5,CREADO,,2025-08-19T09:13:24
126,37,8,CREADO,,2025-08-27T00:53:24
127,37,8,ASIGNADO,,2025-08-27T00:58:24
128,38,23,CREADO,,2025-07-20T20:00:24
129,38,23,ASIGNADO,,2025-07-20T20:05:24
130,38,23,ACEPTADO,,2025-07-20T20:37:24
131,38,23,INICIADO,,2025-07-20T20:50:24
132,38,23,RESUELTO,,2025-07-21T01:01:24
133,39,8,CREADO,,2025-07-25T19:43:24
134,39,8,ASIGNADO,,2025-07-25T19:48:24
135,39,8,ACEPTADO,,2025-07-25T20:40:24
136,40,4,CREADO,,2025-07-20T05:19:24
137,41,13,CREADO,,2025-07-28T19:00:24
138,41,13,ASIGNADO,,2025-07-28T19:05:24
139,42,8,CREADO,,2025-09-13T11:01:24
140,42,8,ASIGNADO,,2025-09-13T11:06:24
141,42,8,ACEPTADO,,2025-09-13T11:55:24
142,42,8,INICIADO,,2025-09-13T12:49:24
143,42,8,RESUELTO,,2025-09-13T15:38:24
144,43,19,CREADO,,2025-08-21T02:19:24
145,43,19,ASIGNADO,,2025-08-21T02:24:24
146,43,19,ACEPTADO,,2025-08-21T03:10:24
147,43,19,INICIADO,,2025-08-21T03:36:24
148,44,20,CREADO,,2025-09-03T20:34:24
149,44,20,ASIGNADO,,2025-09-03T20:39:24
150,44,20,ACEPTADO,,2025-09-03T21:18:24
151,44,20,INICIADO,,2025-09-03T22:12:24
152,44,20,RESUELTO,,2025-09-04T02:34:24
153,45,15,CREADO,,2025-08-29T15:58:24
154,45,15,ASIGNADO,,2025-08-29T16:03:24
155,45,15,ACEPTADO,,2025-08-29T16:09:24
156,45,15,INICIADO,,2025-08-29T16:45:24
157,45,15,RESUELTO,,2025-08-29T19:46:24
158,46,23,CREADO,,2025-07-26T03:49:24
159,46,23,ASIGNADO,,2025-07-26T03:54:24
160,46,23,ACEPTADO,,2025-07-26T04:25:24
161,46,23,INICIADO,,2025-07-26T05:01:24
162,46,23,RESUELTO,,2025-07-26T10:00:24
163,47,24,CREADO,,2025-08-09T12:18:24
164,47,24,ASIGNADO,,2025-08-09T12:23:24
165,47,24,ACEPTADO,,2025-08-09T13:05:24
166,47,24,INICIADO,,2025-08-09T13:33:24
167,48,23,CREADO,,2025-08-08T08:25:24
168,48,23,ASIGNADO,,2025-08-08T08:30:24
169,48,23,ACEPTADO,,2025-08-08T08:47:24
170,48,23,INICIADO,,2025-08-08T09:12:24
171,49,9,CREADO,,2025-09-04T02:53:24
172,49,9,ASIGNADO,,2025-09-04T02:58:24
173,50,5,CREADO,,2025-07-23T07:54:24
174,51,3,CREADO,,2025-08-04T03:32:24
175,52,7,CREADO,,2025-09-07T14:20:24
176,52,7,ASIGNADO,,2025-09-07T14:25:24
177,52,7,ACEPTADO,,2025-09-07T14:45:24
178,52,7,INICIADO,,2025-09-07T14:57:24
179,53,15,CREADO,,2025-08-14T10:22:24
180,53,15,ASIGNADO,,2025-08-14T10:27:24
181,54,12,CREADO,,2025-08-03T04:30:24
182,54,12,ASIGNADO,,2025-08-03T04:35:24
183,54,12,ACEPTADO,,2025-08-03T04:40:24
184,54,12,INICIADO,,2025-08-03T05:11:24
185,54,12,RESUELTO,,2025-08-03T09:16:24
186,55,16,CREADO,,2025-09-13T06:15:24
187,55,16,ASIGNADO,,2025-09-13T06:20:24
188,56,16,CREADO,,2025-09-10T12:41:24
189,56,16,ASIGNADO,,2025-09-10T12:46:24
190,56,16,ACEPTADO,,2025-09-10T12:58:24
191,56,16,INICIADO,,2025-09-10T13:32:24
192,56,16,RESUELTO,,2025-09-10T16:22:24
193,57,9,CREADO,,2025-09-11T07:37:24
194,57,9,ASIGNADO,,2025-09-11T07:42:24
195,57,9,ACEPTADO,,2025-09-11T07:52:24
196,57,9,INICIADO,,2025-09-11T08:11:24
197,58,6,CREADO,,2025-09-15T16:02:24
198,59,12,CREADO,,2025-08-16T14:09:24
199,59,12,ASIGNADO,,2025-08-16T14:14:24
200,59,12,ACEPTADO,,2025-08-16T14:40:24
201,59,12,INICIADO,,2025-08-16T15:11:24
202,59,12,RESUELTO,,2025-08-16T19:39:24
203,60,3,CREADO,,2025-08-24T03:44:24
204,61,20,CREADO,,2025-08-05T21:28:24
205,61,20,ASIGNADO,,2025-08-05T21:33:24
206,61,20,ACEPTADO,,2025-08-05T21:46:24
207,61,20,INICIADO,,2025-08-05T22:09:24
208,62,7,CREADO,,2025-09-06T15:12:24
209,62,7,ASIGNADO,,2025-09-06T15:17:24
210,62,7,ACEPTADO,,2025-09-06T15:36:24
211,62,7,INICIADO,,2025-09-06T16:34:24
212,62,7,PAUSADO,Falta repuesto,2025-09-06T16:46:24
213,63,16,CREADO,,2025-08-30T08:22:24
214,63,16,ASIGNADO,,2025-08-30T08:27:24
215,64,9,CREADO,,2025-09-02T13:58:24
216,64,9,ASIGNADO,,2025-09-02T14:03:24
217,64,9,ACEPTADO,,2025-09-02T14:26:24
218,64,9,INICIADO,,2025-09-02T15:17:24
219,64,9,RESUELTO,,2025-09-02T18:04:24
220,65,6,CREADO,,2025-09-05T19:56:24
221,66,16,CREADO,,2025-08-30T10:01:24
222,66,16,ASIGNADO,,2025-08-30T10:06:24
223,67,18,CREADO,,2025-08-17T14:03:24
224,67,18,ASIGNADO,,2025-08-17T14:08:24
225,67,18,ACEPTADO,,2025-08-17T14:19:24
226,67,18,INICIADO,,2025-08-17T14:57:24
227,68,19,CREADO,,2025-08-11T11:45:24
228,68,19,ASIGNADO,,2025-08-11T11:50:24
229,69,11,CREADO,,2025-07-21T15:13:24
230,69,11,ASIGNADO,,2025-07-21T15:18:24
231,69,11,ACEPTADO,,2025-07-21T16:03:24
232,69,11,INICIADO,,2025-07-21T16:51:24
233,69,11,RESUELTO,,2025-07-21T19:33:24
234,70,14,CREADO,,2025-07-21T00:02:24
235,70,14,ASIGNADO,,2025-07-21T00:07:24
236,70,14,ACEPTADO,,2025-07-21T01:02:24
237,70,14,INICIADO,,2025-07-21T01:10:24
238,70,14,RESUELTO,,2025-07-21T03:55:24
239,71,16,CREADO,,2025-08-22T04:28:24
240,71,16,ASIGNADO,,2025-08-22T04:33:24
241,71,16,ACEPTADO,,2025-08-22T05:15:24
242,71,16,INICIADO,,2025-08-22T05:29:24
243,72,5,CREADO,,2025-08-27T13:46:24
244,73,17,CREADO,,2025-07-28T01:47:24
245,73,17,ASIGNADO,,2025-07-28T01:52:24
246,73,17,ACEPTADO,,2025-07-28T02:33:24
247,73,17,INICIADO,,2025-07-28T03:00:24
248,74,14,CREADO,,2025-07-22T19:56:24
249,74,14,ASIGNADO,,2025-07-22T20:01:24
250,74,14,ACEPTADO,,2025-07-22T20:55:24
251,74,14,INICIADO,,2025-07-22T21:51:24
252,74,14,RESUELTO,,2025-07-23T00:03:24
253,75,21,CREADO,,2025-08-27T11:47:24
254,75,21,ASIGNADO,,2025-08-27T11:52:24
255,76,11,CREADO,,2025-08-20T16:01:24
256,76,11,ASIGNADO,,2025-08-20T16:06:24
257,76,11,ACEPTADO,,2025-08-20T16:27:24
258,76,11,INICIADO,,2025-08-20T17:24:24
259,77,20,CREADO,,2025-08-07T21:39:24
260,77,20,ASIGNADO,,2025-08-07T21:44:24
261,77,20,ACEPTADO,,2025-08-07T22:12:24
262,78,8,CREADO,,2025-08-08T15:35:24
263,78,8,ASIGNADO,,2025-08-08T15:40:24
264,78,8,ACEPTADO,,2025-08-08T16:24:24
265,78,8,INICIADO,,2025-08-08T17:04:24
266,79,18,CREADO,,2025-07-21T18:05:24
267,79,18,ASIGNADO,,2025-07-21T18:10:24
268,79,18,ACEPTADO,,2025-07-21T18:22:24
269,79,18,INICIADO,,2025-07-21T18:33:24
270,79,18,RESUELTO,,2025-07-21T20:48:24
271,80,23,CREADO,,2025-08-01T10:21:24
272,80,23,ASIGNADO,,2025-08-01T10:26:24
273,80,23,ACEPTADO,,2025-08-01T10:37:24
274,80,23,INICIADO,,2025-08-01T11:35:24
275,80,23,RESUELTO,,2025-08-01T16:00:24
276,81,20,CREADO,,2025-07-27T09:50:24
277,81,20,ASIGNADO,,2025-07-27T09:55:24
278,81,20,ACEPTADO,,2025-07-27T10:41:24
279,82,7,CREADO,,2025-09-10T17:17:24
280,82,7,ASIGNADO,,2025-09-10T17:22:24
281,82,7,ACEPTADO,,2025-09-10T18:17:24
282,82,7,INICIADO,,2025-09-10T18:43:24
283,82,7,RESUELTO,,2025-09-10T21:02:24
284,83,13,CREADO,,2025-07-31T19:08:24
285,83,13,ASIGNADO,,2025-07-31T19:13:24
286,83,13,ACEPTADO,,2025-07-31T19:27:24
287,83,13,INICIADO,,2025-07-31T19:40:24
288,83,13,RESUELTO,,2025-08-01T00:31:24
289,84,5,CREADO,,2025-08-03T05:26:24
290,85,4,CREADO,,2025-08-28T12:13:24
291,86,18,CREADO,,2025-08-26T04:00:24
292,86,18,ASIGNADO,,2025-08-26T04:05:24
293,86,18,ACEPTADO,,2025-08-26T04:55:24
294,86,18,INICIADO,,2025-08-26T05:28:24
295,87,5,CREADO,,2025-09-04T15:49:24
296,88,6,CREADO,,2025-08-08T03:57:24
297,89,8,CREADO,,2025-08-30T12:51:24
298,89,8,ASIGNADO,,2025-08-30T12:56:24
299,89,8,ACEPTADO,,2025-08-30T13:06:24
300,90,3,CREADO,,2025-08-25T20:43:24
301,91,8,CREADO,,2025-08-19T05:38:24
302,91,8,ASIGNADO,,2025-08-19T05:43:24
303,91,8,ACEPTADO,,2025-08-19T06:36:24
304,91,8,INICIADO,,2025-08-19T06:58:24
305,92,12,CREADO,,2025-08-11T17:02:24
306,92,12,ASIGNADO,,2025-08-11T17:07:24
307,92,12,ACEPTADO,,2025-08-11T17:29:24
308,92,12,INICIADO,,2025-08-11T18:18:24
309,92,12,RESUELTO,,2025-08-11T21:11:24
310,93,22,CREADO,,2025-07-21T03:46:24
311,93,22,ASIGNADO,,2025-07-21T03:51:24
312,93,22,ACEPTADO,,2025-07-21T04:29:24
313,93,22,INICIADO,,2025-07-21T04:47:24
314,94,22,CREADO,,2025-09-12T14:29:24
315,94,22,ASIGNADO,,2025-09-12T14:34:24
316,95,14,CREADO,,2025-08-26T11:57:24
317,95,14,ASIGNADO,,2025-08-26T12:02:24
318,95,14,ACEPTADO,,2025-08-26T12:50:24
319,95,14,INICIADO,,2025-08-26T13:38:24
320,96,14,CREADO,,2025-08-06T14:14:24
321,96,14,ASIGNADO,,2025-08-06T14:19:24
322,96,14,ACEPTADO,,2025-08-06T14:42:24
323,96,14,INICIADO,,2025-08-06T15:07:24
324,97,8,CREADO,,2025-07-22T05:12:24
325,97,8,ASIGNADO,,2025-07-22T05:17:24
326,97,8,ACEPTADO,,2025-07-22T05:51:24
327,98,21,CREADO,,2025-08-16T22:16:24
328,98,21,ASIGNADO,,2025-08-16T22:21:24
329,98,21,ACEPTADO,,2025-08-16T22:55:24
330,98,21,INICIADO,,2025-08-16T23:53:24
331,99,11,CREADO,,2025-08-15T14:36:24
332,99,11,ASIGNADO,,2025-08-15T14:41:24
333,100,12,CREADO,,2025-09-15T02:47:24
334,100,12,ASIGNADO,,2025-09-15T02:52:24
335,100,12,ACEPTADO,,2025-09-15T03:03:24
336,100,12,INICIADO,,2025-09-15T03:17:24
337,101,22,CREADO,,2025-09-09T02:40:24
338,101,22,ASIGNADO,,2025-09-09T02:45:24
339,102,15,CREADO,,2025-08-27T14:49:24
340,102,15,ASIGNADO,,2025-08-27T14:54:24
341,102,15,ACEPTADO,,2025-08-27T15:36:24
342,103,6,CREADO,,2025-07-26T14:03:24
343,104,9,CREADO,,2025-09-02T00:03:24
344,104,9,ASIGNADO,,2025-09-02T00:08:24
345,104,9,ACEPTADO,,2025-09-02T00:41:24
346,104,9,INICIADO,,2025-09-02T00:52:24
347,105,15,CREADO,,2025-09-04T01:38:24
348,105,15,ASIGNADO,,2025-09-04T01:43:24
349,105,15,ACEPTADO,,2025-09-04T02:11:24
350,105,15,INICIADO,,2025-09-04T02:34:24
351,105,15,PAUSADO,Falta repuesto,2025-09-04T03:03:24
352,106,15,CREADO,,2025-08-22T13:15:24
353,106,15,ASIGNADO,,2025-08-22T13:20:24
354,106,15,ACEPTADO,,2025-08-22T14:11:24
355,106,15,INICIADO,,2025-08-22T15:10:24
356,106,15,PAUSADO,Falta repuesto,2025-08-22T15:24:24
357,107,19,CREADO,,2025-07-26T01:52:24
358,107,19,ASIGNADO,,2025-07-26T01:57:24
359,107,19,ACEPTADO,,2025-07-26T02:26:24
360,108,13,CREADO,,2025-07-20T00:37:24
361,108,13,ASIGNADO,,2025-07-20T00:42:24
362,108,13,ACEPTADO,,2025-07-20T00:58:24
363,108,13,INICIADO,,2025-07-20T01:16:24
364,108,13,RESUELTO,,2025-07-20T04:25:24
365,109,22,CREADO,,2025-09-04T07:01:24
366,109,22,ASIGNADO,,2025-09-04T07:06:24
367,110,16,CREADO,,2025-08-20T12:37:24
368,110,16,ASIGNADO,,2025-08-20T12:42:24
369,111,17,CREADO,,2025-09-08T06:54:24
370,111,17,ASIGNADO,,2025-09-08T06:59:24
371,112,21,CREADO,,2025-08-31T02:39:24
372,112,21,ASIGNADO,,2025-08-31T02:44:24
373,112,21,ACEPTADO,,2025-08-31T02:55:24
374,112,21,INICIADO,,2025-08-31T03:45:24
375,112,21,RESUELTO,,2025-08-31T08:24:24
376,113,13,CREADO,,2025-08-07T13:50:24
377,113,13,ASIGNADO,,2025-08-07T13:55:24
378,113,13,ACEPTADO,,2025-08-07T14:01:24
379,113,13,INICIADO,,2025-08-07T14:32:24
380,113,13,RESUELTO,,2025-08-07T15:14:24
381,114,11,CREADO,,2025-09-15T12:39:24
382,114,11,ASIGNADO,,2025-09-15T12:44:24
383,114,11,ACEPTADO,,2025-09-15T12:57:24
384,115,5,CREADO,,2025-07-20T02:18:24
385,116,24,CREADO,,2025-08-09T01:40:24
386,116,24,ASIGNADO,,2025-08-09T01:45:24
387,116,24,ACEPTADO,,2025-08-09T02:40:24
388,116,24,INICIADO,,2025-08-09T03:24:24
389,117,5,CREADO,,2025-07-18T12:13:24
390,118,18,CREADO,,2025-09-02T13:43:24
391,118,18,ASIGNADO,,2025-09-02T13:48:24
392,118,18,ACEPTADO,,2025-09-02T14:23:24
393,118,18,INICIADO,,2025-09-02T14:30:24
394,119,20,CREADO,,2025-09-13T13:14:24
395,119,20,ASIGNADO,,2025-09-13T13:19:24
396,119,20,ACEPTADO,,2025-09-13T14:11:24
397,120,23,CREADO,,2025-07-30T15:23:24
398,120,23,ASIGNADO,,2025-07-30T15:28:24
399,120,23,ACEPTADO,,2025-07-30T16:22:24
400,120,23,INICIADO,,2025-07-30T16:56:24
401,120,23,RESUELTO,,2025-07-30T17:29:24
402,121,13,CREADO,,2025-07-21T16:47:24
403,121,13,ASIGNADO,,2025-07-21T16:52:24
404,121,13,ACEPTADO,,2025-07-21T17:19:24
405,122,5,CREADO,,2025-08-22T13:26:24
406,123,20,CREADO,,2025-09-11T04:52:24
407,123,20,ASIGNADO,,2025-09-11T04:57:24
408,123,20,ACEPTADO,,2025-09-11T05:20:24
409,123,20,INICIADO,,2025-09-11T05:45:24
410,123,20,RESUELTO,,2025-09-11T06:52:24
411,124,14,CREADO,,2025-08-19T10:58:24
412,124,14,ASIGNADO,,2025-08-19T11:03:24
413,125,7,CREADO,,2025-09-11T16:03:24
414,125,7,ASIGNADO,,2025-09-11T16:08:24
415,125,7,ACEPTADO,,2025-09-11T16:21:24
416,125,7,INICIADO,,2025-09-11T16:30:24
417,125,7,PAUSADO,Falta repuesto,2025-09-11T16:50:24
418,126,4,CREADO,,2025-07-25T08:45:24
419,127,15,CREADO,,2025-09-07T11:47:24
420,127,15,ASIGNADO,,2025-09-07T11:52:24
421,127,15,ACEPTADO,,2025-09-07T12:46:24
422,127,15,INICIADO,,2025-09-07T13:07:24
423,127,15,RESUELTO,,2025-09-07T17:10:24
424,128,24,CREADO,,2025-08-27T21:09:24
425,128,24,ASIGNADO,,2025-08-27T21:14:24
426,128,24,ACEPTADO,,2025-08-27T21:39:24
427,128,24,INICIADO,,2025-08-27T22:26:24
428,129,12,CREADO,,2025-07-29T09:55:24
429,129,12,ASIGNADO,,2025-07-29T10:00:24
430,129,12,ACEPTADO,,2025-07-29T10:20:24
431,130,21,CREADO,,2025-08-23T14:35:24
432,130,21,ASIGNADO,,2025-08-23T14:40:24
433,130,21,ACEPTADO,,2025-08-23T15:11:24
434,130,21,INICIADO,,2025-08-23T16:05:24
435,131,25,CREADO,,2025-09-06T13:08:24
436,131,25,ASIGNADO,,2025-09-06T13:13:24
437,131,25,ACEPTADO,,2025-09-06T13:26:24
438,131,25,INICIADO,,2025-09-06T13:58:24
439,131,25,PAUSADO,Falta repuesto,2025-09-06T14:35:24
440,132,25,CREADO,,2025-09-03T14:20:24
441,132,25,ASIGNADO,,2025-09-03T14:25:24
442,132,25,ACEPTADO,,2025-09-03T14:35:24
443,133,12,CREADO,,2025-09-10T05:37:24
444,133,12,ASIGNADO,,2025-09-10T05:42:24
445,133,12,ACEPTADO,,2025-09-10T06:29:24
446,133,12,INICIADO,,2025-09-10T07:13:24
447,133,12,PAUSADO,Falta repuesto,2025-09-10T07:39:24
448,134,16,CREADO,,2025-08-25T06:50:24
449,134,16,ASIGNADO,,2025-08-25T06:55:24
450,134,16,ACEPTADO,,2025-08-25T07:40:24
451,134,16,INICIADO,,2025-08-25T08:19:24
452,134,16,RESUELTO,,2025-08-25T11:02:24
453,135,16,CREADO,,2025-08-01T18:07:24
454,135,16,ASIGNADO,,2025-08-01T18:12:24
455,136,15,CREADO,,2025-08-21T02:15:24
456,136,15,ASIGNADO,,2025-08-21T02:20:24
457,136,15,ACEPTADO,,2025-08-21T02:40:24
458,136,15,INICIADO,,2025-08-21T03:14:24
459,136,15,RESUELTO,,2025-08-21T04:31:24
460,137,19,CREADO,,2025-08-01T21:40:24
461,137,19,ASIGNADO,,2025-08-01T21:45:24
462,137,19,ACEPTADO,,2025-08-01T22:36:24
463,137,19,INICIADO,,2025-08-01T23:01:24
464,137,19,RESUELTO,,2025-08-02T00:53:24
465,138,12,CREADO,,2025-09-02T08:57:24
466,138,12,ASIGNADO,,2025-09-02T09:02:24
467,138,12,ACEPTADO,,2025-09-02T09:20:24
468,138,12,INICIADO,,2025-09-02T10:02:24
469,138,12,RESUELTO,,2025-09-02T13:17:24
470,139,12,CREADO,,2025-07-28T03:37:24
471,139,12,ASIGNADO,,2025-07-28T03:42:24
472,140,20,CREADO,,2025-07-25T01:25:24
473,140,20,ASIGNADO,,2025-07-25T01:30:24
474,140,20,ACEPTADO,,2025-07-25T02:03:24
475,140,20,INICIADO,,2025-07-25T02:56:24
476,141,5,CREADO,,2025-08-18T05:32:24
477,142,6,CREADO,,2025-09-03T15:17:24
478,143,22,CREADO,,2025-09-02T13:02:24
479,143,22,ASIGNADO,,2025-09-02T13:07:24
480,143,22,ACEPTADO,,2025-09-02T13:48:24
481,143,22,INICIADO,,2025-09-02T14:12:24
482,143,22,PAUSADO,Falta repuesto,2025-09-02T14:47:24
483,144,24,CREADO,,2025-09-16T00:57:24
484,144,24,ASIGNADO,,2025-09-16T01:02:24
485,144,24,ACEPTADO,,2025-09-16T01:10:24
486,144,24,INICIADO,,2025-09-16T01:52:24
487,145,9,CREADO,,2025-07-28T08:52:24
488,145,9,ASIGNADO,,2025-07-28T08:57:24
489,145,9,ACEPTADO,,2025-07-28T09:30:24
490,145,9,INICIADO,,2025-07-28T09:55:24
491,145,9,RESUELTO,,2025-07-28T13:44:24
492,146,23,CREADO,,2025-09-07T10:04:24
493,146,23,ASIGNADO,,2025-09-07T10:09:24
494,146,23,ACEPTADO,,2025-09-07T10:44:24
495,146,23,INICIADO,,2025-09-07T11:22:24
496,146,23,PAUSADO,Falta repuesto,2025-09-07T11:51:24
497,147,12,CREADO,,2025-08-12T18:17:24
498,147,12,ASIGNADO,,2025-08-12T18:22:24
499,147,12,ACEPTADO,,2025-08-12T18:46:24
500,148,18,CREADO,,2025-09-05T19:25:24
501,148,18,ASIGNADO,,2025-09-05T19:30:24
502,148,18,ACEPTADO,,2025-09-05T19:57:24
503,149,11,CREADO,,2025-08-30T23:21:24
504,149,11,ASIGNADO,,2025-08-30T23:26:24
505,149,11,ACEPTADO,,2025-08-31T00:05:24
506,149,11,INICIADO,,2025-08-31T00:27:24
507,149,11,RESUELTO,,2025-08-31T05:29:24
508,150,24,CREADO,,2025-08-24T23:40:24
509,150,24,ASIGNADO,,2025-08-24T23:45:24
510,151,13,CREADO,,2025-08-05T12:31:24
511,151,13,ASIGNADO,,2025-08-05T12:36:24
512,151,13,ACEPTADO,,2025-08-05T12:59:24
513,151,13,INICIADO,,2025-08-05T13:45:24
514,152,18,CREADO,,2025-08-03T08:48:24
515,152,18,ASIGNADO,,2025-08-03T08:53:24
516,152,18,ACEPTADO,,2025-08-03T09:48:24
517,152,18,INICIADO,,2025-08-03T10:24:24
518,153,6,CREADO,,2025-09-14T17:46:24
519,154,24,CREADO,,2025-09-15T09:00:24
520,154,24,ASIGNADO,,2025-09-15T09:05:24
521,155,23,CREADO,,2025-07-26T06:16:24
522,155,23,ASIGNADO,,2025-07-26T06:21:24
523,155,23,ACEPTADO,,2025-07-26T06:32:24
524,155,23,INICIADO,,2025-07-26T06:48:24
525,155,23,RESUELTO,,2025-07-26T08:14:24
526,156,13,CREADO,,2025-09-08T12:16:24
527,156,13,ASIGNADO,,2025-09-08T12:21:24
528,157,22,CREADO,,2025-08-15T16:08:24
529,157,22,ASIGNADO,,2025-08-15T16:13:24
530,157,22,ACEPTADO,,2025-08-15T16:36:24
531,157,22,INICIADO,,2025-08-15T17:04:24
532,158,25,CREADO,,2025-08-30T05:20:24
533,158,25,ASIGNADO,,2025-08-30T05:25:24
534,158,25,ACEPTADO,,2025-08-30T05:45:24
535,158,25,INICIADO,,2025-08-30T06:33:24
536,159,19,CREADO,,2025-09-06T05:09:24
537,159,19,ASIGNADO,,2025-09-06T05:14:24
538,159,19,ACEPTADO,,2025-09-06T05:53:24
539,159,19,INICIADO,,2025-09-06T06:07:24
540,160,17,CREADO,,2025-08-27T21:58:24
541,160,17,ASIGNADO,,2025-08-27T22:03:24
542,161,21,CREADO,,2025-07-18T15:23:24
543,161,21,ASIGNADO,,2025-07-18T15:28:24
544,161,21,ACEPTADO,,2025-07-18T15:37:24
545,161,21,INICIADO,,2025-07-18T15:44:24
546,162,24,CREADO,,2025-08-03T17:58:24
547,162,24,ASIGNADO,,2025-08-03T18:03:24
548,162,24,ACEPTADO,,2025-08-03T18:54:24
549,162,24,INICIADO,,2025-08-03T19:40:24
550,162,24,RESUELTO,,2025-08-03T23:30:24
551,163,11,CREADO,,2025-08-19T00:30:24
552,163,11,ASIGNADO,,2025-08-19T00:35:24
553,163,11,ACEPTADO,,2025-08-19T01:14:24
554,163,11,INICIADO,,2025-08-19T01:44:24
555,163,11,RESUELTO,,2025-08-19T06:29:24
556,164,4,CREADO,,2025-08-08T06:30:24
557,165,10,CREADO,,2025-07-19T18:58:24
558,165,10,ASIGNADO,,2025-07-19T19:03:24
559,166,8,CREADO,,2025-08-08T16:43:24
560,166,8,ASIGNADO,,2025-08-08T16:48:24
561,167,16,CREADO,,2025-07-31T09:45:24
562,167,16,ASIGNADO,,2025-07-31T09:50:24
563,168,21,CREADO,,2025-09-14T22:08:24
564,168,21,ASIGNADO,,2025-09-14T22:13:24
565,168,21,ACEPTADO,,2025-09-14T22:38:24
566,168,21,INICIADO,,2025-09-14T23:27:24
567,168,21,RESUELTO,,2025-09-15T03:15:24
568,169,16,CREADO,,2025-07-23T14:40:24
569,169,16,ASIGNADO,,2025-07-23T14:45:24
570,169,16,ACEPTADO,,2025-07-23T15:25:24
571,169,16,INICIADO,,2025-07-23T16:03:24
572,170,3,CREADO,,2025-08-04T16:54:24
573,171,5,CREADO,,2025-08-17T16:10:24
574,172,4,CREADO,,2025-08-23T11:15:24
575,173,8,CREADO,,2025-09-01T15:07:24
576,173,8,ASIGNADO,,2025-09-01T15:12:24
577,173,8,ACEPTADO,,2025-09-01T16:03:24
578,173,8,INICIADO,,2025-09-01T16:38:24
579,173,8,PAUSADO,Falta repuesto,2025-09-01T17:03:24
580,174,14,CREADO,,2025-09-09T12:38:24
581,174,14,ASIGNADO,,2025-09-09T12:43:24
582,174,14,ACEPTADO,,2025-09-09T12:57:24
583,174,14,INICIADO,,2025-09-09T13:14:24
584,174,14,RESUELTO,,2025-09-09T16:17:24
585,175,16,CREADO,,2025-09-14T18:36:24
586,175,16,ASIGNADO,,2025-09-14T18:41:24
587,176,25,CREADO,,2025-07-25T03:10:24
588,176,25,ASIGNADO,,2025-07-25T03:15:24
589,176,25,ACEPTADO,,2025-07-25T03:20:24
590,176,25,INICIADO,,2025-07-25T03:51:24
591,177,6,CREADO,,2025-09-14T09:56:24
592,178,6,CREADO,,2025-07-19T22:14:24
593,179,25,CREADO,,2025-08-19T15:05:24
594,179,25,ASIGNADO,,2025-08-19T15:10:24
595,179,25,ACEPTADO,,2025-08-19T15:40:24
596,179,25,INICIADO,,2025-08-19T15:50:24
597,180,21,CREADO,,2025-08-21T21:18:24
598,180,21,ASIGNADO,,2025-08-21T21:23:24
599,181,12,CREADO,,2025-07-27T01:07:24
600,181,12,ASIGNADO,,2025-07-27T01:12:24
601,181,12,ACEPTADO,,2025-07-27T01:30:24
602,181,12,INICIADO,,2025-07-27T02:30:24
603,182,3,CREADO,,2025-08-15T23:48:24
604,183,18,CREADO,,2025-08-22T18:55:24
605,183,18,ASIGNADO,,2025-08-22T19:00:24
606,183,18,ACEPTADO,,2025-08-22T19:53:24
607,183,18,INICIADO,,2025-08-22T20:45:24
608,183,18,RESUELTO,,2025-08-22T22:11:24
609,184,5,CREADO,,2025-07-25T06:51:24
610,185,18,CREADO,,2025-08-19T18:04:24
611,185,18,ASIGNADO,,2025-08-19T18:09:24
612,185,18,ACEPTADO,,2025-08-19T18:25:24
613,185,18,INICIADO,,2025-08-19T19:13:24
614,185,18,RESUELTO,,2025-08-20T00:27:24
615,186,24,CREADO,,2025-09-14T01:34:24
616,186,24,ASIGNADO,,2025-09-14T01:39:24
617,187,16,CREADO,,2025-08-04T10:09:24
618,187,16,ASIGNADO,,2025-08-04T10:14:24
619,187,16,ACEPTADO,,2025-08-04T10:54:24
620,188,25,CREADO,,2025-08-25T00:46:24
621,188,25,ASIGNADO,,2025-08-25T00:51:24
622,188,25,ACEPTADO,,2025-08-25T01:01:24
623,188,25,INICIADO,,2025-08-25T01:52:24
624,189,10,CREADO,,2025-08-11T19:08:24
625,189,10,ASIGNADO,,2025-08-11T19:13:24
626,190,17,CREADO,,2025-09-01T11:53:24
627,190,17,ASIGNADO,,2025-09-01T11:58:24
628,190,17,ACEPTADO,,2025-09-01T12:09:24
629,190,17,INICIADO,,2025-09-01T12:22:24
630,190,17,RESUELTO,,2025-09-01T15:12:24
631,191,15,CREADO,,2025-09-15T15:00:24
632,191,15,ASIGNADO,,2025-09-15T15:05:24
633,191,15,ACEPTADO,,2025-09-15T15:30:24
634,191,15,INICIADO,,2025-09-15T16:13:24
635,191,15,RESUELTO,,2025-09-15T18:10:24
636,192,8,CREADO,,2025-08-23T03:10:24
637,192,8,ASIGNADO,,2025-08-23T03:15:24
638,192,8,ACEPTADO,,2025-08-23T03:56:24
639,193,22,CREADO,,2025-07-24T15:52:24
640,193,22,ASIGNADO,,2025-07-24T15:57:24
641,193,22,ACEPTADO,,2025-07-24T16:33:24
642,193,22,INICIADO,,2025-07-24T16:46:24
643,194,21,CREADO,,2025-08-30T23:42:24
644,194,21,ASIGNADO,,2025-08-30T23:47:24
645,194,21,ACEPTADO,,2025-08-31T00:24:24
646,194,21,INICIADO,,2025-08-31T01:24:24
647,195,11,CREADO,,2025-09-16T05:21:24
648,195,11,ASIGNADO,,2025-09-16T05:26:24
649,195,11,ACEPTADO,,2025-09-16T06:12:24
650,195,11,INICIADO,,2025-09-16T06:56:24
651,195,11,RESUELTO,,2025-09-16T07:33:24
652,196,18,CREADO,,2025-08-07T13:46:24
653,196,18,ASIGNADO,,2025-08-07T13:51:24
654,196,18,ACEPTADO,,2025-08-07T14:19:24
655,196,18,INICIADO,,2025-08-07T14:49:24
656,196,18,RESUELTO,,2025-08-07T19:01:24
657,197,3,CREADO,,2025-07-26T04:21:24
658,198,14,CREADO,,2025-08-27T05:59:24
659,198,14,ASIGNADO,,2025-08-27T06:04:24
660,198,14,ACEPTADO,,2025-08-27T06:13:24
661,198,14,INICIADO,,2025-08-27T06:37:24
662,199,19,CREADO,,2025-08-01T22:37:24
663,199,19,ASIGNADO,,2025-08-01T22:42:24
664,199,19,ACEPTADO,,2025-08-01T23:14:24
665,199,19,INICIADO,,2025-08-01T23:48:24
666,199,19,PAUSADO,Falta repuesto,2025-08-02T00:07:24
667,200,22,CREADO,,2025-08-22T18:13:24
668,200,22,ASIGNADO,,2025-08-22T18:18:24
669,200,22,ACEPTADO,,2025-08-22T18:36:24
670,200,22,INICIADO,,2025-08-22T18:54:24
671,201,13,CREADO,,2025-08-29T00:20:24
672,201,13,ASIGNADO,,2025-08-29T00:25:24
673,201,13,ACEPTADO,,2025-08-29T01:12:24
674,201,13,INICIADO,,2025-08-29T02:12:24
675,201,13,RESUELTO,,2025-08-29T06:37:24
676,202,24,CREADO,,2025-09-12T13:26:24
677,202,24,ASIGNADO,,2025-09-12T13:31:24
678,202,24,ACEPTADO,,2025-09-12T14:21:24
679,202,24,INICIADO,,2025-09-12T15:17:24
680,203,16,CREADO,,2025-07-31T05:36:24
681,203,16,ASIGNADO,,2025-07-31T05:41:24
682,203,16,ACEPTADO,,2025-07-31T06:24:24
683,204,25,CREADO,,2025-08-04T09:31:24
684,204,25,ASIGNADO,,2025-08-04T09:36:24
685,204,25,ACEPTADO,,2025-08-04T10:09:24
686,204,25,INICIADO,,2025-08-04T10:53:24
687,205,16,CREADO,,2025-08-25T04:45:24
688,205,16,ASIGNADO,,2025-08-25T04:50:24
689,206,19,CREADO,,2025-09-07T20:28:24
690,206,19,ASIGNADO,,2025-09-07T20:33:24
691,206,19,ACEPTADO,,2025-09-07T21:10:24
692,207,24,CREADO,,2025-08-26T01:33:24
693,207,24,ASIGNADO,,2025-08-26T01:38:24
694,207,24,ACEPTADO,,2025-08-26T02:24:24
695,208,25,CREADO,,2025-08-08T22:24:24
696,208,25,ASIGNADO,,2025-08-08T22:29:24
697,208,25,ACEPTADO,,2025-08-08T23:21:24
698,209,21,CREADO,,2025-07-23T18:28:24
699,209,21,ASIGNADO,,2025-07-23T18:33:24
700,209,21,ACEPTADO,,2025-07-23T18:55:24
701,209,21,INICIADO,,2025-07-23T19:38:24
702,210,15,CREADO,,2025-08-24T19:56:24
703,210,15,ASIGNADO,,2025-08-24T20:01:24
704,210,15,ACEPTADO,,2025-08-24T20:47:24
705,210,15,INICIADO,,2025-08-24T21:00:24
706,210,15,PAUSADO,Falta repuesto,2025-08-24T21:13:24
707,211,16,CREADO,,2025-09-13T12:16:24
708,211,16,ASIGNADO,,2025-09-13T12:21:24
709,212,22,CREADO,,2025-07-18T14:12:24
710,212,22,ASIGNADO,,2025-07-18T14:17:24
711,213,6,CREADO,,2025-08-06T15:35:24
712,214,6,CREADO,,2025-09-13T08:42:24
713,215,4,CREADO,,2025-08-14T20:14:24
714,216,16,CREADO,,2025-08-15T04:11:24
715,216,16,ASIGNADO,,2025-08-15T04:16:24
716,217,3,CREADO,,2025-07-19T05:05:24
717,218,14,CREADO,,2025-07-27T16:33:24
718,218,14,ASIGNADO,,2025-07-27T16:38:24
719,218,14,ACEPTADO,,2025-07-27T17:06:24
720,218,14,INICIADO,,2025-07-27T17:30:24
721,219,16,CREADO,,2025-08-06T18:13:24
722,219,16,ASIGNADO,,2025-08-06T18:18:24
723,220,4,CREADO,,2025-08-15T23:50:24
724,221,10,CREADO,,2025-09-16T07:06:24
725,221,10,ASIGNADO,,2025-09-16T07:11:24
726,221,10,ACEPTADO,,2025-09-16T07:49:24
727,221,10,INICIADO,,2025-09-16T08:32:24
728,221,10,PAUSADO,Falta repuesto,2025-09-16T09:09:24
729,222,21,CREADO,,2025-09-01T20:09:24
730,222,21,ASIGNADO,,2025-09-01T20:14:24
731,222,21,ACEPTADO,,2025-09-01T20:19:24
732,222,21,INICIADO,,2025-09-01T20:47:24
733,222,21,RESUELTO,,2025-09-01T23:44:24
734,223,15,CREADO,,2025-07-24T12:19:24
735,223,15,ASIGNADO,,2025-07-24T12:24:24
736,223,15,ACEPTADO,,2025-07-24T12:42:24
737,223,15,INICIADO,,2025-07-24T12:49:24
738,224,14,CREADO,,2025-07-25T20:51:24
739,224,14,ASIGNADO,,2025-07-25T20:56:24
740,224,14,ACEPTADO,,2025-07-25T21:06:24
741,224,14,INICIADO,,2025-07-25T21:30:24
742,224,14,PAUSADO,Falta repuesto,2025-07-25T21:40:24
743,225,10,CREADO,,2025-08-09T02:06:24
744,225,10,ASIGNADO,,2025-08-09T02:11:24
745,225,10,ACEPTADO,,2025-08-09T02:21:24
746,225,10,INICIADO,,2025-08-09T02:53:24
747,226,16,CREADO,,2025-07-19T09:35:24
748,226,16,ASIGNADO,,2025-07-19T09:40:24
749,227,21,CREADO,,2025-08-26T10:40:24
750,227,21,ASIGNADO,,2025-08-26T10:45:24
751,227,21,ACEPTADO,,2025-08-26T10:54:24
752,228,12,CREADO,,2025-08-02T13:21:24
753,228,12,ASIGNADO,,2025-08-02T13:26:24
754,228,12,ACEPTADO,,2025-08-02T13:47:24
755,228,12,INICIADO,,2025-08-02T14:41:24
756,229,18,CREADO,,2025-08-30T07:23:24
757,229,18,ASIGNADO,,2025-08-30T07:28:24
758,230,25,CREADO,,2025-08-16T11:42:24
759,230,25,ASIGNADO,,2025-08-16T11:47:24
760,230,25,ACEPTADO,,2025-08-16T11:56:24
761,230,25,INICIADO,,2025-08-16T12:37:24
762,230,25,RESUELTO,,2025-08-16T16:02:24
763,231,13,CREADO,,2025-08-13T01:30:24
764,231,13,ASIGNADO,,2025-08-13T01:35:24
765,231,13,ACEPTADO,,2025-08-13T01:45:24
766,231,13,INICIADO,,2025-08-13T02:25:24
767,231,13,RESUELTO,,2025-08-13T06:33:24
768,232,24,CREADO,,2025-09-01T06:33:24
769,232,24,ASIGNADO,,2025-09-01T06:38:24
770,233,7,CREADO,,2025-07-19T05:45:24
771,233,7,ASIGNADO,,2025-07-19T05:50:24
772,233,7,ACEPTADO,,2025-07-19T06:43:24
773,233,7,INICIADO,,2025-07-19T07:30:24
774,233,7,RESUELTO,,2025-07-19T10:57:24
775,234,5,CREADO,,2025-07-31T07:49:24
776,235,9,CREADO,,2025-07-30T12:27:24
777,235,9,ASIGNADO,,2025-07-30T12:32:24
778,235,9,ACEPTADO,,2025-07-30T13:14:24
779,235,9,INICIADO,,2025-07-30T13:55:24
780,235,9,RESUELTO,,2025-07-30T14:41:24
781,236,10,CREADO,,2025-08-08T15:07:24
782,236,10,ASIGNADO,,2025-08-08T15:12:24
783,236,10,ACEPTADO,,2025-08-08T15:25:24
784,236,10,INICIADO,,2025-08-08T16:19:24
785,236,10,RESUELTO,,2025-08-08T21:33:24
786,237,8,CREADO,,2025-08-29T12:59:24
787,237,8,ASIGNADO,,2025-08-29T13:04:24
788,237,8,ACEPTADO,,2025-08-29T13:14:24
789,237,8,INICIADO,,2025-08-29T13:29:24
790,238,6,CREADO,,2025-08-19T17:55:24
791,239,17,CREADO,,2025-08-10T02:36:24
792,239,17,ASIGNADO,,2025-08-10T02:41:24
793,240,19,CREADO,,2025-08-21T05:58:24
794,240,19,ASIGNADO,,2025-08-21T06:03:24
795,240,19,ACEPTADO,,2025-08-21T06:45:24
796,240,19,INICIADO,,2025-08-21T07:06:24
797,240,19,RESUELTO,,2025-08-21T07:59:24
798,241,4,CREADO,,2025-07-22T23:25:24
799,242,5,CREADO,,2025-08-04T09:38:24
800,243,7,CREADO,,2025-08-30T23:15:24
801,243,7,ASIGNADO,,2025-08-30T23:20:24
802,243,7,ACEPTADO,,2025-08-30T23:42:24
803,243,7,INICIADO,,2025-08-31T00:11:24
804,243,7,PAUSADO,Falta repuesto,2025-08-31T00:24:24
805,244,6,CREADO,,2025-08-20T01:17:24
806,245,9,CREADO,,2025-07-21T00:48:24
807,245,9,ASIGNADO,,2025-07-21T00:53:24
808,245,9,ACEPTADO,,2025-07-21T01:28:24
809,246,4,CREADO,,2025-07-23T10:56:24
810,247,23,CREADO,,2025-08-20T00:34:24
811,247,23,ASIGNADO,,2025-08-20T00:39:24
812,247,23,ACEPTADO,,2025-08-20T01:28:24
813,247,23,INICIADO,,2025-08-20T01:55:24
814,247,23,RESUELTO,,2025-08-20T07:00:24
815,248,10,CREADO,,2025-07-26T13:58:24
816,248,10,ASIGNADO,,2025-07-26T14:03:24
817,248,10,ACEPTADO,,2025-07-26T14:46:24
818,248,10,INICIADO,,2025-07-26T15:05:24
819,248,10,RESUELTO,,2025-07-26T15:30:24
820,249,4,CREADO,,2025-09-09T18:16:24
821,250,23,CREADO,,2025-07-30T18:52:24
822,250,23,ASIGNADO,,2025-07-30T18:57:24
823,250,23,ACEPTADO,,2025-07-30T19:29:24
824,251,15,CREADO,,2025-08-03T07:51:24
825,251,15,ASIGNADO,,2025-08-03T07:56:24
826,252,25,CREADO,,2025-09-11T04:44:24
827,252,25,ASIGNADO,,2025-09-11T04:49:24
828,252,25,ACEPTADO,,2025-09-11T05:33:24
829,252,25,INICIADO,,2025-09-11T05:52:24
830,252,25,RESUELTO,,2025-09-11T11:34:24
831,253,5,CREADO,,2025-07-26T10:37:24
832,254,16,CREADO,,2025-08-25T13:32:24
833,254,16,ASIGNADO,,2025-08-25T13:37:24
834,254,16,ACEPTADO,,2025-08-25T14:13:24
835,255,8,CREADO,,2025-07-21T09:47:24
836,255,8,ASIGNADO,,2025-07-21T09:52:24
837,255,8,ACEPTADO,,2025-07-21T10:17:24
838,255,8,INICIADO,,2025-07-21T10:38:24
839,256,22,CREADO,,2025-09-12T05:19:24
840,256,22,ASIGNADO,,2025-09-12T05:24:24
841,257,22,CREADO,,2025-08-04T15:49:24
842,257,22,ASIGNADO,,2025-08-04T15:54:24
843,257,22,ACEPTADO,,2025-08-04T16:34:24
844,257,22,INICIADO,,2025-08-04T17:25:24
845,258,9,CREADO,,2025-09-01T01:17:24
846,258,9,ASIGNADO,,2025-09-01T01:22:24
847,259,8,CREADO,,2025-08-02T21:59:24
848,259,8,ASIGNADO,,2025-08-02T22:04:24
849,259,8,ACEPTADO,,2025-08-02T22:39:24
850,259,8,INICIADO,,2025-08-02T23:38:24
851,259,8,PAUSADO,Falta repuesto,2025-08-02T23:50:24
852,260,11,CREADO,,2025-08-22T02:04:24
853,260,11,ASIGNADO,,2025-08-22T02:09:24
854,261,23,CREADO,,2025-07-27T04:03:24
855,261,23,ASIGNADO,,2025-07-27T04:08:24
856,261,23,ACEPTADO,,2025-07-27T04:35:24
857,261,23,INICIADO,,2025-07-27T05:31:24
858,261,23,RESUELTO,,2025-07-27T10:23:24
859,262,16,CREADO,,2025-08-30T14:04:24
860,262,16,ASIGNADO,,2025-08-30T14:09:24
861,262,16,ACEPTADO,,2025-08-30T14:33:24
862,262,16,INICIADO,,2025-08-30T14:43:24
863,262,16,RESUELTO,,2025-08-30T18:20:24
864,263,12,CREADO,,2025-08-28T05:44:24
865,263,12,ASIGNADO,,2025-08-28T05:49:24
866,263,12,ACEPTADO,,2025-08-28T06:07:24
867,263,12,INICIADO,,2025-08-28T07:03:24
868,264,16,CREADO,,2025-07-24T11:11:24
869,264,16,ASIGNADO,,2025-07-24T11:16:24
870,264,16,ACEPTADO,,2025-07-24T11:56:24
871,264,16,INICIADO,,2025-07-24T12:26:24
872,265,9,CREADO,,2025-07-31T20:32:24
873,265,9,ASIGNADO,,2025-07-31T20:37:24
874,265,9,ACEPTADO,,2025-07-31T21:18:24
875,265,9,INICIADO,,2025-07-31T22:12:24
876,265,9,RESUELTO,,2025-07-31T23:18:24
877,266,20,CREADO,,2025-08-24T01:06:24
878,266,20,ASIGNADO,,2025-08-24T01:11:24
879,267,13,CREADO,,2025-08-21T06:24:24
880,267,13,ASIGNADO,,2025-08-21T06:29:24
881,267,13,ACEPTADO,,2025-08-21T07:24:24
882,267,13,INICIADO,,2025-08-21T07:48:24
883,267,13,RESUELTO,,2025-08-21T10:42:24
884,268,5,CREADO,,2025-08-27T16:47:24
885,269,9,CREADO,,2025-07-23T11:35:24
886,269,9,ASIGNADO,,2025-07-23T11:40:24
887,269,9,ACEPTADO,,2025-07-23T12:04:24
888,269,9,INICIADO,,2025-07-23T12:54:24
889,270,3,CREADO,,2025-08-28T21:55:24
890,271,11,CREADO,,2025-08-31T20:34:24
891,271,11,ASIGNADO,,2025-08-31T20:39:24
892,271,11,ACEPTADO,,2025-08-31T21:14:24
893,271,11,INICIADO,,2025-08-31T21:56:24
894,272,11,CREADO,,2025-09-08T10:55:24
895,272,11,ASIGNADO,,2025-09-08T11:00:24
896,273,11,CREADO,,2025-09-11T02:00:24
897,273,11,ASIGNADO,,2025-09-11T02:05:24
898,273,11,ACEPTADO,,2025-09-11T02:26:24
899,273,11,INICIADO,,2025-09-11T03:09:24
900,274,24,CREADO,,2025-08-29T20:19:24
901,274,24,ASIGNADO,,2025-08-29T20:24:24
902,274,24,ACEPTADO,,2025-08-29T21:02:24
903,274,24,INICIADO,,2025-08-29T21:59:24
904,275,13,CREADO,,2025-08-31T05:10:24
905,275,13,ASIGNADO,,2025-08-31T05:15:24
906,276,20,CREADO,,2025-08-09T05:44:24
907,276,20,ASIGNADO,,2025-08-09T05:49:24
908,277,13,CREADO,,2025-07-21T13:57:24
909,277,13,ASIGNADO,,2025-07-21T14:02:24
910,278,15,CREADO,,2025-09-07T04:18:24
911,278,15,ASIGNADO,,2025-09-07T04:23:24
912,278,15,ACEPTADO,,2025-09-07T04:34:24
913,278,15,INICIADO,,2025-09-07T05:09:24
914,279,15,CREADO,,2025-08-15T07:38:24
915,279,15,ASIGNADO,,2025-08-15T07:43:24
916,280,23,CREADO,,2025-09-01T22:06:24
917,280,23,ASIGNADO,,2025-09-01T22:11:24
918,280,23,ACEPTADO,,2025-09-01T22:40:24
919,280,23,INICIADO,,2025-09-01T23:18:24
920,281,16,CREADO,,2025-08-03T18:47:24
921,281,16,ASIGNADO,,2025-08-03T18:52:24
922,282,6,CREADO,,2025-08-01T18:54:24
923,283,22,CREADO,,2025-07-21T19:12:24
924,283,22,ASIGNADO,,2025-07-21T19:17:24
925,283,22,ACEPTADO,,2025-07-21T19:45:24
926,283,22,INICIADO,,2025-07-21T19:50:24
927,283,22,PAUSADO,Falta repuesto,2025-07-21T20:15:24
928,284,19,CREADO,,2025-07-27T17:10:24
929,284,19,ASIGNADO,,2025-07-27T17:15:24
930,284,19,ACEPTADO,,2025-07-27T17:57:24
931,284,19,INICIADO,,2025-07-27T18:21:24
932,284,19,PAUSADO,Falta repuesto,2025-07-27T18:36:24
933,285,17,CREADO,,2025-07-30T13:04:24
934,285,17,ASIGNADO,,2025-07-30T13:09:24
935,285,17,ACEPTADO,,2025-07-30T13:36:24
936,285,17,INICIADO,,2025-07-30T14:29:24
937,286,14,CREADO,,2025-08-02T17:57:24
938,286,14,ASIGNADO,,2025-08-02T18:02:24
939,287,8,CREADO,,2025-07-28T04:58:24
940,287,8,ASIGNADO,,2025-07-28T05:03:24
941,288,20,CREADO,,2025-07-27T13:23:24
942,288,20,ASIGNADO,,2025-07-27T13:28:24
943,289,25,CREADO,,2025-09-11T19:11:24
944,289,25,ASIGNADO,,2025-09-11T19:16:24
945,289,25,ACEPTADO,,2025-09-11T19:37:24
946,289,25,INICIADO,,2025-09-11T20:35:24
947,289,25,PAUSADO,Falta repuesto,2025-09-11T21:13:24
948,290,3,CREADO,,2025-07-18T14:46:24
949,291,4,CREADO,,2025-09-15T00:22:24
950,292,6,CREADO,,2025-08-15T19:55:24
951,293,5,CREADO,,2025-09-12T23:09:24
952,294,23,CREADO,,2025-08-30T21:32:24
953,294,23,ASIGNADO,,2025-08-30T21:37:24
954,294,23,ACEPTADO,,2025-08-30T21:52:24
955,294,23,INICIADO,,2025-08-30T22:04:24
956,295,25,CREADO,,2025-08-20T00:10:24
957,295,25,ASIGNADO,,2025-08-20T00:15:24
958,295,25,ACEPTADO,,2025-08-20T01:03:24
959,295,25,INICIADO,,2025-08-20T02:01:24
960,295,25,RESUELTO,,2025-08-20T03:22:24
961,296,4,CREADO,,2025-09-08T20:30:24
962,297,14,CREADO,,2025-08-09T23:49:24
963,297,14,ASIGNADO,,2025-08-09T23:54:24
964,298,25,CREADO,,2025-08-01T15:36:24
965,298,25,ASIGNADO,,2025-08-01T15:41:24
966,298,25,ACEPTADO,,2025-08-01T16:17:24
967,298,25,INICIADO,,2025-08-01T17:17:24
968,299,4,CREADO,,2025-08-24T01:46:24
969,300,9,CREADO,,2025-09-15T20:06:24
970,300,9,ASIGNADO,,2025-09-15T20:11:24
971,300,9,ACEPTADO,,2025-09-15T20:41:24
972,300,9,INICIADO,,2025-09-15T21:12:24
973,300,9,RESUELTO,,2025-09-15T21:45:24
974,301,25,CREADO,,2025-08-20T10:32:24
975,301,25,ASIGNADO,,2025-08-20T10:37:24
976,301,25,ACEPTADO,,2025-08-20T10:56:24
977,301,25,INICIADO,,2025-08-20T11:55:24
978,301,25,RESUELTO,,2025-08-20T16:02:24
979,302,15,CREADO,,2025-08-07T13:12:24
980,302,15,ASIGNADO,,2025-08-07T13:17:24
981,303,14,CREADO,,2025-08-24T14:44:24
982,303,14,ASIGNADO,,2025-08-24T14:49:24
983,303,14,ACEPTADO,,2025-08-24T15:33:24
984,304,17,CREADO,,2025-07-22T14:22:24
985,304,17,ASIGNADO,,2025-07-22T14:27:24
986,304,17,ACEPTADO,,2025-07-22T15:01:24
987,304,17,INICIADO,,2025-07-22T15:48:24
988,304,17,RESUELTO,,2025-07-22T21:04:24
989,305,23,CREADO,,2025-09-02T15:16:24
990,305,23,ASIGNADO,,2025-09-02T15:21:24
991,306,13,CREADO,,2025-08-25T11:23:24
992,306,13,ASIGNADO,,2025-08-25T11:28:24
993,307,4,CREADO,,2025-09-06T18:07:24
994,308,23,CREADO,,2025-09-14T08:04:24
995,308,23,ASIGNADO,,2025-09-14T08:09:24
996,308,23,ACEPTADO,,2025-09-14T08:21:24
997,308,23,INICIADO,,2025-09-14T09:14:24
998,308,23,RESUELTO,,2025-09-14T12:29:24
999,309,9,CREADO,,2025-09-03T22:43:24
1000,309,9,ASIGNADO,,2025-09-03T22:48:24
1001,310,10,CREADO,,2025-07-24T00:18:24
1002,310,10,ASIGNADO,,2025-07-24T00:23:24
1003,310,10,ACEPTADO,,2025-07-24T01:16:24
1004,310,10,INICIADO,,2025-07-24T01:55:24
1005,310,10,RESUELTO,,2025-07-24T02:26:24
1006,311,18,CREADO,,2025-08-13T13:09:24
1007,311,18,ASIGNADO,,2025-08-13T13:14:24
1008,312,24,CREADO,,2025-08-27T16:41:24
1009,312,24,ASIGNADO,,2025-08-27T16:46:24
1010,312,24,ACEPTADO,,2025-08-27T17:36:24
1011,312,24,INICIADO,,2025-08-27T18:26:24
1012,313,12,CREADO,,2025-07-25T03:28:24
1013,313,12,ASIGNADO,,2025-07-25T03:33:24
1014,314,16,CREADO,,2025-07-18T21:07:24
1015,314,16,ASIGNADO,,2025-07-18T21:12:24
1016,314,16,ACEPTADO,,2025-07-18T22:02:24
1017,314,16,INICIADO,,2025-07-18T22:16:24
1018,315,9,CREADO,,2025-09-06T10:38:24
1019,315,9,ASIGNADO,,2025-09-06T10:43:24
1020,315,9,ACEPTADO,,2025-09-06T11:38:24
1021,315,9,INICIADO,,2025-09-06T12:28:24
1022,315,9,RESUELTO,,2025-09-06T15:25:24
1023,316,15,CREADO,,2025-08-06T18:52:24
1024,316,15,ASIGNADO,,2025-08-06T18:57:24
1025,316,15,ACEPTADO,,2025-08-06T19:25:24
1026,316,15,INICIADO,,2025-08-06T19:48:24
1027,317,9,CREADO,,2025-09-14T19:50:24
1028,317,9,ASIGNADO,,2025-09-14T19:55:24
1029,317,9,ACEPTADO,,2025-09-14T20:43:24
1030,317,9,INICIADO,,2025-09-14T21:08:24
1031,318,16,CREADO,,2025-08-21T11:54:24
1032,318,16,ASIGNADO,,2025-08-21T11:59:24
1033,318,16,ACEPTADO,,2025-08-21T12:06:24
1034,318,16,INICIADO,,2025-08-21T12:29:24
1035,319,4,CREADO,,2025-09-13T15:59:24
1036,320,7,CREADO,,2025-08-17T13:26:24
1037,320,7,ASIGNADO,,2025-08-17T13:31:24
1038,320,7,ACEPTADO,,2025-08-17T13:40:24
1039,320,7,INICIADO,,2025-08-17T13:48:24
1040,320,7,RESUELTO,,2025-08-17T15:34:24
1041,321,9,CREADO,,2025-08-26T18:45:24
1042,321,9,ASIGNADO,,2025-08-26T18:50:24
1043,321,9,ACEPTADO,,2025-08-26T19:19:24
1044,321,9,INICIADO,,2025-08-26T20:07:24
1045,321,9,RESUELTO,,2025-08-26T21:22:24
1046,322,24,CREADO,,2025-07-28T00:39:24
1047,322,24,ASIGNADO,,2025-07-28T00:44:24
1048,323,20,CREADO,,2025-07-30T18:43:24
1049,323,20,ASIGNADO,,2025-07-30T18:48:24
1050,323,20,ACEPTADO,,2025-07-30T19:11:24
1051,323,20,INICIADO,,2025-07-30T19:56:24
1052,323,20,RESUELTO,,2025-07-30T21:24:24
1053,324,21,CREADO,,2025-09-08T11:55:24
1054,324,21,ASIGNADO,,2025-09-08T12:00:24
1055,324,21,ACEPTADO,,2025-09-08T12:40:24
1056,324,21,INICIADO,,2025-09-08T12:50:24
1057,324,21,RESUELTO,,2025-09-08T15:41:24
1058,325,12,CREADO,,2025-09-12T12:24:24
1059,325,12,ASIGNADO,,2025-09-12T12:29:24
1060,325,12,ACEPTADO,,2025-09-12T12:41:24
1061,325,12,INICIADO,,2025-09-12T12:57:24
1062,326,7,CREADO,,2025-07-24T11:57:24
1063,326,7,ASIGNADO,,2025-07-24T12:02:24
1064,326,7,ACEPTADO,,2025-07-24T12:19:24
1065,326,7,INICIADO,,2025-07-24T13:10:24
1066,326,7,RESUELTO,,2025-07-24T18:22:24
1067,327,19,CREADO,,2025-08-28T09:15:24
1068,327,19,ASIGNADO,,2025-08-28T09:20:24
1069,328,22,CREADO,,2025-08-09T18:34:24
1070,328,22,ASIGNADO,,2025-08-09T18:39:24
1071,328,22,ACEPTADO,,2025-08-09T19:31:24
1072,329,20,CREADO,,2025-08-15T04:06:24
1073,329,20,ASIGNADO,,2025-08-15T04:11:24
1074,330,22,CREADO,,2025-09-13T09:40:24
1075,330,22,ASIGNADO,,2025-09-13T09:45:24
1076,330,22,ACEPTADO,,2025-09-13T09:54:24
1077,330,22,INICIADO,,2025-09-13T10:00:24
1078,330,22,RESUELTO,,2025-09-13T14:34:24
1079,331,24,CREADO,,2025-09-05T11:44:24
1080,331,24,ASIGNADO,,2025-09-05T11:49:24
1081,331,24,ACEPTADO,,2025-09-05T12:43:24
1082,331,24,INICIADO,,2025-09-05T12:57:24
1083,331,24,PAUSADO,Falta repuesto,2025-09-05T13:25:24
1084,332,21,CREADO,,2025-07-19T07:56:24
1085,332,21,ASIGNADO,,2025-07-19T08:01:24
1086,332,21,ACEPTADO,,2025-07-19T08:49:24
1087,333,17,CREADO,,2025-07-22T01:05:24
1088,333,17,ASIGNADO,,2025-07-22T01:10:24
1089,333,17,ACEPTADO,,2025-07-22T01:29:24
1090,333,17,INICIADO,,2025-07-22T01:38:24
1091,334,24,CREADO,,2025-07-22T14:14:24
1092,334,24,ASIGNADO,,2025-07-22T14:19:24
1093,334,24,ACEPTADO,,2025-07-22T14:44:24
1094,334,24,INICIADO,,2025-07-22T14:55:24
1095,334,24,RESUELTO,,2025-07-22T19:36:24
1096,335,21,CREADO,,2025-09-15T20:02:24
1097,335,21,ASIGNADO,,2025-09-15T20:07:24
1098,335,21,ACEPTADO,,2025-09-15T20:28:24
1099,335,21,INICIADO,,2025-09-15T20:57:24
1100,336,11,CREADO,,2025-07-31T00:22:24
1101,336,11,ASIGNADO,,2025-07-31T00:27:24
1102,336,11,ACEPTADO,,2025-07-31T00:46:24
1103,336,11,INICIADO,,2025-07-31T00:55:24
1104,336,11,RESUELTO,,2025-07-31T05:33:24
1105,337,22,CREADO,,2025-07-28T16:23:24
1106,337,22,ASIGNADO,,2025-07-28T16:28:24
1107,337,22,ACEPTADO,,2025-07-28T17:03:24
1108,337,22,INICIADO,,2025-07-28T17:38:24
1109,337,22,PAUSADO,Falta repuesto,2025-07-28T17:56:24
1110,338,4,CREADO,,2025-07-21T22:24:24
1111,339,19,CREADO,,2025-08-07T01:57:24
1112,339,19,ASIGNADO,,2025-08-07T02:02:24
1113,339,19,ACEPTADO,,2025-08-07T02:37:24
1114,339,19,INICIADO,,2025-08-07T03:37:24
1115,340,20,CREADO,,2025-08-18T13:22:24
1116,340,20,ASIGNADO,,2025-08-18T13:27:24
1117,340,20,ACEPTADO,,2025-08-18T14:09:24
1118,340,20,INICIADO,,2025-08-18T14:18:24
1119,340,20,RESUELTO,,2025-08-18T16:30:24
1120,341,19,CREADO,,2025-08-03T12:23:24
1121,341,19,ASIGNADO,,2025-08-03T12:28:24
1122,341,19,ACEPTADO,,2025-08-03T13:11:24
1123,341,19,INICIADO,,2025-08-03T13:18:24
1124,341,19,RESUELTO,,2025-08-03T18:05:24
1125,342,23,CREADO,,2025-08-21T01:54:24
1126,342,23,ASIGNADO,,2025-08-21T01:59:24
1127,342,23,ACEPTADO,,2025-08-21T02:37:24
1128,342,23,INICIADO,,2025-08-21T03:09:24
1129,342,23,RESUELTO,,2025-08-21T05:21:24
1130,343,8,CREADO,,2025-08-30T19:07:24
1131,343,8,ASIGNADO,,2025-08-30T19:12:24
1132,343,8,ACEPTADO,,2025-08-30T19:35:24
1133,343,8,INICIADO,,2025-08-30T20:18:24
1134,343,8,RESUELTO,,2025-08-31T01:11:24
1135,344,4,CREADO,,2025-09-15T22:40:24
1136,345,20,CREADO,,2025-08-25T22:05:24
1137,345,20,ASIGNADO,,2025-08-25T22:10:24
1138,345,20,ACEPTADO,,2025-08-25T22:32:24
1139,345,20,INICIADO,,2025-08-25T23:20:24
1140,346,24,CREADO,,2025-09-08T22:41:24
1141,346,24,ASIGNADO,,2025-09-08T22:46:24
1142,346,24,ACEPTADO,,2025-09-08T23:16:24
1143,346,24,INICIADO,,2025-09-09T00:08:24
1144,347,10,CREADO,,2025-08-18T04:07:24
1145,347,10,ASIGNADO,,2025-08-18T04:12:24
1146,347,10,ACEPTADO,,2025-08-18T04:41:24
1147,347,10,INICIADO,,2025-08-18T05:26:24
1148,348,22,CREADO,,2025-07-25T15:38:24
1149,348,22,ASIGNADO,,2025-07-25T15:43:24
1150,348,22,ACEPTADO,,2025-07-25T16:12:24
1151,348,22,INICIADO,,2025-07-25T16:42:24
1152,348,22,PAUSADO,Falta repuesto,2025-07-25T17:20:24
1153,349,10,CREADO,,2025-09-16T03:47:24
1154,349,10,ASIGNADO,,2025-09-16T03:52:24
1155,349,10,ACEPTADO,,2025-09-16T03:59:24
1156,349,10,INICIADO,,2025-09-16T04:54:24
1157,349,10,RESUELTO,,2025-09-16T10:15:24
1158,350,6,CREADO,,2025-08-12T11:35:24
1159,351,5,CREADO,,2025-09-07T06:12:24
1160,352,19,CREADO,,2025-09-02T10:41:24
1161,352,19,ASIGNADO,,2025-09-02T10:46:24
1162,353,25,CREADO,,2025-09-07T15:03:24
1163,353,25,ASIGNADO,,2025-09-07T15:08:24
1164,353,25,ACEPTADO,,2025-09-07T15:28:24
1165,353,25,INICIADO,,2025-09-07T16:21:24
1166,353,25,RESUELTO,,2025-09-07T19:29:24
1167,354,23,CREADO,,2025-09-14T01:03:24
1168,354,23,ASIGNADO,,2025-09-14T01:08:24
1169,354,23,ACEPTADO,,2025-09-14T01:57:24
1170,354,23,INICIADO,,2025-09-14T02:16:24
1171,354,23,RESUELTO,,2025-09-14T05:12:24
1172,355,21,CREADO,,2025-08-18T11:53:24
1173,355,21,ASIGNADO,,2025-08-18T11:58:24
1174,355,21,ACEPTADO,,2025-08-18T12:14:24
1175,355,21,INICIADO,,2025-08-18T12:49:24
1176,355,21,RESUELTO,,2025-08-18T15:44:24
1177,356,11,CREADO,,2025-08-09T09:34:24
1178,356,11,ASIGNADO,,2025-08-09T09:39:24
1179,357,18,CREADO,,2025-09-05T15:40:24
1180,357,18,ASIGNADO,,2025-09-05T15:45:24
1181,357,18,ACEPTADO,,2025-09-05T16:13:24
1182,357,18,INICIADO,,2025-09-05T16:57:24
1183,357,18,RESUELTO,,2025-09-05T19:53:24
1184,358,9,CREADO,,2025-09-08T20:32:24
1185,358,9,ASIGNADO,,2025-09-08T20:37:24
1186,358,9,ACEPTADO,,2025-09-08T21:15:24
1187,358,9,INICIADO,,2025-09-08T22:11:24
1188,359,22,CREADO,,2025-08-29T05:50:24
1189,359,22,ASIGNADO,,2025-08-29T05:55:24
1190,359,22,ACEPTADO,,2025-08-29T06:00:24
1191,359,22,INICIADO,,2025-08-29T06:05:24
1192,360,19,CREADO,,2025-08-11T21:19:24
1193,360,19,ASIGNADO,,2025-08-11T21:24:24
1194,360,19,ACEPTADO,,2025-08-11T21:50:24
1195,360,19,INICIADO,,2025-08-11T22:18:24
1196,360,19,PAUSADO,Falta repuesto,2025-08-11T22:34:24
1197,361,9,CREADO,,2025-07-30T07:16:24
1198,361,9,ASIGNADO,,2025-07-30T07:21:24
1199,361,9,ACEPTADO,,2025-07-30T08:12:24
1200,362,23,CREADO,,2025-09-01T20:11:24
1201,362,23,ASIGNADO,,2025-09-01T20:16:24
1202,363,11,CREADO,,2025-08-02T05:37:24
1203,363,11,ASIGNADO,,2025-08-02T05:42:24
1204,363,11,ACEPTADO,,2025-08-02T06:03:24
1205,363,11,INICIADO,,2025-08-02T06:38:24
1206,364,24,CREADO,,2025-07-29T09:38:24
1207,364,24,ASIGNADO,,2025-07-29T09:43:24
1208,364,24,ACEPTADO,,2025-07-29T10:26:24
1209,365,6,CREADO,,2025-08-31T17:44:24
1210,366,8,CREADO,,2025-09-08T09:33:24
1211,366,8,ASIGNADO,,2025-09-08T09:38:24
1212,366,8,ACEPTADO,,2025-09-08T09:48:24
1213,366,8,INICIADO,,2025-09-08T10:03:24
1214,366,8,RESUELTO,,2025-09-08T13:13:24
1215,367,17,CREADO,,2025-08-20T10:08:24
1216,367,17,ASIGNADO,,2025-08-20T10:13:24
1217,367,17,ACEPTADO,,2025-08-20T10:28:24
1218,367,17,INICIADO,,2025-08-20T10:44:24
1219,367,17,PAUSADO,Falta repuesto,2025-08-20T10:50:24
1220,368,17,CREADO,,2025-07-27T01:32:24
1221,368,17,ASIGNADO,,2025-07-27T01:37:24
1222,369,5,CREADO,,2025-08-22T20:25:24
1223,370,6,CREADO,,2025-08-16T23:12:24
1224,371,6,CREADO,,2025-09-13T19:20:24
1225,372,11,CREADO,,2025-08-24T21:16:24
1226,372,11,ASIGNADO,,2025-08-24T21:21:24
1227,372,11,ACEPTADO,,2025-08-24T21:45:24
1228,372,11,INICIADO,,2025-08-24T21:50:24
1229,373,19,CREADO,,2025-08-26T13:06:24
1230,373,19,ASIGNADO,,2025-08-26T13:11:24
1231,373,19,ACEPTADO,,2025-08-26T13:30:24
1232,373,19,INICIADO,,2025-08-26T14:25:24
1233,374,8,CREADO,,2025-08-07T10:41:24
1234,374,8,ASIGNADO,,2025-08-07T10:46:24
1235,374,8,ACEPTADO,,2025-08-07T11:18:24
1236,374,8,INICIADO,,2025-08-07T12:03:24
1237,375,12,CREADO,,2025-07-24T14:21:24
1238,375,12,ASIGNADO,,2025-07-24T14:26:24
1239,376,12,CREADO,,2025-07-22T21:13:24
1240,376,12,ASIGNADO,,2025-07-22T21:18:24
1241,377,16,CREADO,,2025-08-07T03:15:24
1242,377,16,ASIGNADO,,2025-08-07T03:20:24
1243,378,20,CREADO,,2025-08-23T02:03:24
1244,378,20,ASIGNADO,,2025-08-23T02:08:24
1245,378,20,ACEPTADO,,2025-08-23T02:43:24
1246,378,20,INICIADO,,2025-08-23T02:59:24
1247,378,20,RESUELTO,,2025-08-23T04:52:24
1248,379,4,CREADO,,2025-07-21T10:00:24
1249,380,15,CREADO,,2025-07-22T04:57:24
1250,380,15,ASIGNADO,,2025-07-22T05:02:24
1251,381,11,CREADO,,2025-08-16T21:42:24
1252,381,11,ASIGNADO,,2025-08-16T21:47:24
1253,381,11,ACEPTADO,,2025-08-16T22:42:24
1254,381,11,INICIADO,,2025-08-16T23:04:24
1255,381,11,RESUELTO,,2025-08-17T04:18:24
1256,382,16,CREADO,,2025-08-10T00:08:24
1257,382,16,ASIGNADO,,2025-08-10T00:13:24
1258,382,16,ACEPTADO,,2025-08-10T00:23:24
1259,382,16,INICIADO,,2025-08-10T01:11:24
1260,382,16,PAUSADO,Falta repuesto,2025-08-10T01:37:24
1261,383,18,CREADO,,2025-08-16T04:43:24
1262,383,18,ASIGNADO,,2025-08-16T04:48:24
1263,383,18,ACEPTADO,,2025-08-16T05:39:24
1264,384,11,CREADO,,2025-09-05T18:25:24
1265,384,11,ASIGNADO,,2025-09-05T18:30:24
1266,385,14,CREADO,,2025-08-28T06:29:24
1267,385,14,ASIGNADO,,2025-08-28T06:34:24
1268,385,14,ACEPTADO,,2025-08-28T07:13:24
1269,386,12,CREADO,,2025-07-24T03:10:24
1270,386,12,ASIGNADO,,2025-07-24T03:15:24
1271,387,9,CREADO,,2025-09-16T08:10:24
1272,387,9,ASIGNADO,,2025-09-16T08:15:24
1273,387,9,ACEPTADO,,2025-09-16T08:28:24
1274,388,5,CREADO,,2025-09-10T02:19:24
1275,389,15,CREADO,,2025-09-14T12:32:24
1276,389,15,ASIGNADO,,2025-09-14T12:37:24
1277,389,15,ACEPTADO,,2025-09-14T13:17:24
1278,389,15,INICIADO,,2025-09-14T14:09:24
1279,389,15,RESUELTO,,2025-09-14T17:56:24
1280,390,7,CREADO,,2025-08-07T00:26:24
1281,390,7,ASIGNADO,,2025-08-07T00:31:24
1282,391,25,CREADO,,2025-08-25T03:47:24
1283,391,25,ASIGNADO,,2025-08-25T03:52:24
1284,392,23,CREADO,,2025-09-02T07:19:24
1285,392,23,ASIGNADO,,2025-09-02T07:24:24
1286,392,23,ACEPTADO,,2025-09-02T07:39:24
1287,392,23,INICIADO,,2025-09-02T08:18:24
1288,393,20,CREADO,,2025-08-26T13:26:24
1289,393,20,ASIGNADO,,2025-08-26T13:31:24
1290,393,20,ACEPTADO,,2025-08-26T13:51:24
1291,393,20,INICIADO,,2025-08-26T14:32:24
1292,394,21,CREADO,,2025-07-21T12:31:24
1293,394,21,ASIGNADO,,2025-07-21T12:36:24
1294,395,4,CREADO,,2025-08-12T11:38:24
1295,396,19,CREADO,,2025-08-14T16:49:24
1296,396,19,ASIGNADO,,2025-08-14T16:54:24
1297,396,19,ACEPTADO,,2025-08-14T17:24:24
1298,397,7,CREADO,,2025-07-27T01:07:24
1299,397,7,ASIGNADO,,2025-07-27T01:12:24
1300,397,7,ACEPTADO,,2025-07-27T02:03:24
1301,397,7,INICIADO,,2025-07-27T02:59:24
1302,397,7,RESUELTO,,2025-07-27T08:09:24
1303,398,23,CREADO,,2025-09-11T04:32:24
1304,398,23,ASIGNADO,,2025-09-11T04:37:24
1305,398,23,ACEPTADO,,2025-09-11T05:31:24
1306,398,23,INICIADO,,2025-09-11T06:16:24
1307,398,23,RESUELTO,,2025-09-11T09:46:24
1308,399,6,CREADO,,2025-08-23T03:03:24
1309,400,19,CREADO,,2025-08-30T16:19:24
1310,400,19,ASIGNADO,,2025-08-30T16:24:24
1311,400,19,ACEPTADO,,2025-08-30T16:54:24
1312,401,4,CREADO,,2025-08-23T08:23:24
1313,402,6,CREADO,,2025-08-25T00:17:24
1314,403,4,CREADO,,2025-08-27T14:49:24
1315,404,25,CREADO,,2025-09-12T21:24:24
1316,404,25,ASIGNADO,,2025-09-12T21:29:24
1317,404,25,ACEPTADO,,2025-09-12T21:52:24
1318,405,19,CREADO,,2025-09-06T02:28:24
1319,405,19,ASIGNADO,,2025-09-06T02:33:24
1320,405,19,ACEPTADO,,2025-09-06T03:08:24
1321,405,19,INICIADO,,2025-09-06T03:52:24
1322,406,24,CREADO,,2025-08-13T05:14:24
1323,406,24,ASIGNADO,,2025-08-13T05:19:24
1324,406,24,ACEPTADO,,2025-08-13T06:03:24
1325,407,10,CREADO,,2025-09-15T11:27:24
1326,407,10,ASIGNADO,,2025-09-15T11:32:24
1327,408,9,CREADO,,2025-08-29T01:17:24
1328,408,9,ASIGNADO,,2025-08-29T01:22:24
1329,408,9,ACEPTADO,,2025-08-29T01:42:24
1330,409,8,CREADO,,2025-08-08T20:47:24
1331,409,8,ASIGNADO,,2025-08-08T20:52:24
1332,410,7,CREADO,,2025-09-16T03:53:24
1333,410,7,ASIGNADO,,2025-09-16T03:58:24
1334,410,7,ACEPTADO,,2025-09-16T04:49:24
1335,410,7,INICIADO,,2025-09-16T05:18:24
1336,410,7,RESUELTO,,2025-09-16T09:59:24
1337,411,18,CREADO,,2025-09-11T11:14:24
1338,411,18,ASIGNADO,,2025-09-11T11:19:24
1339,411,18,ACEPTADO,,2025-09-11T11:58:24
1340,411,18,INICIADO,,2025-09-11T12:11:24
1341,412,24,CREADO,,2025-08-26T12:17:24
1342,412,24,ASIGNADO,,2025-08-26T12:22:24
1343,413,14,CREADO,,2025-07-31T14:41:24
1344,413,14,ASIGNADO,,2025-07-31T14:46:24
1345,413,14,ACEPTADO,,2025-07-31T15:17:24
1346,413,14,INICIADO,,2025-07-31T15:48:24
1347,414,21,CREADO,,2025-09-12T01:41:24
1348,414,21,ASIGNADO,,2025-09-12T01:46:24
1349,414,21,ACEPTADO,,2025-09-12T02:27:24
1350,415,10,CREADO,,2025-08-30T00:49:24
1351,415,10,ASIGNADO,,2025-08-30T00:54:24
1352,415,10,ACEPTADO,,2025-08-30T01:23:24
1353,416,7,CREADO,,2025-08-05T19:53:24
1354,416,7,ASIGNADO,,2025-08-05T19:58:24
1355,416,7,ACEPTADO,,2025-08-05T20:14:24
1356,416,7,INICIADO,,2025-08-05T20:47:24
1357,417,17,CREADO,,2025-08-21T23:44:24
1358,417,17,ASIGNADO,,2025-08-21T23:49:24
1359,417,17,ACEPTADO,,2025-08-22T00:33:24
1360,417,17,INICIADO,,2025-08-22T01:25:24
1361,417,17,RESUELTO,,2025-08-22T06:32:24
1362,418,24,CREADO,,2025-08-09T17:35:24
1363,418,24,ASIGNADO,,2025-08-09T17:40:24
1364,418,24,ACEPTADO,,2025-08-09T17:47:24
1365,418,24,INICIADO,,2025-08-09T18:27:24
1366,419,22,CREADO,,2025-08-14T03:58:24
1367,419,22,ASIGNADO,,2025-08-14T04:03:24
1368,419,22,ACEPTADO,,2025-08-14T04:41:24
1369,419,22,INICIADO,,2025-08-14T04:55:24
1370,420,3,CREADO,,2025-08-28T09:46:24
1371,421,9,CREADO,,2025-08-02T07:03:24
1372,421,9,ASIGNADO,,2025-08-02T07:08:24
1373,421,9,ACEPTADO,,2025-08-02T07:20:24
1374,421,9,INICIADO,,2025-08-02T08:10:24
1375,421,9,RESUELTO,,2025-08-02T12:15:24
1376,422,15,CREADO,,2025-07-22T08:42:24
1377,422,15,ASIGNADO,,2025-07-22T08:47:24
1378,422,15,ACEPTADO,,2025-07-22T09:28:24
1379,422,15,INICIADO,,2025-07-22T10:28:24
1380,422,15,RESUELTO,,2025-07-22T16:20:24
1381,423,22,CREADO,,2025-08-27T23:39:24
1382,423,22,ASIGNADO,,2025-08-27T23:44:24
1383,424,19,CREADO,,2025-09-05T20:05:24
1384,424,19,ASIGNADO,,2025-09-05T20:10:24
1385,424,19,ACEPTADO,,2025-09-05T20:46:24
1386,424,19,INICIADO,,2025-09-05T21:06:24
1387,424,19,RESUELTO,,2025-09-05T23:12:24
1388,425,8,CREADO,,2025-09-13T14:04:24
1389,425,8,ASIGNADO,,2025-09-13T14:09:24
1390,425,8,ACEPTADO,,2025-09-13T14:25:24
1391,425,8,INICIADO,,2025-09-13T14:39:24
1392,425,8,PAUSADO,Falta repuesto,2025-09-13T14:47:24
1393,426,10,CREADO,,2025-08-25T07:39:24
1394,426,10,ASIGNADO,,2025-08-25T07:44:24
1395,426,10,ACEPTADO,,2025-08-25T08:32:24
1396,426,10,INICIADO,,2025-08-25T08:55:24
1397,426,10,RESUELTO,,2025-08-25T14:22:24
1398,427,15,CREADO,,2025-08-14T14:37:24
1399,427,15,ASIGNADO,,2025-08-14T14:42:24
1400,428,5,CREADO,,2025-08-12T08:16:24
1401,429,5,CREADO,,2025-09-11T09:57:24
1402,430,6,CREADO,,2025-09-13T21:06:24
1403,431,24,CREADO,,2025-09-13T07:08:24
1404,431,24,ASIGNADO,,2025-09-13T07:13:24
1405,431,24,ACEPTADO,,2025-09-13T07:31:24
1406,432,14,CREADO,,2025-08-10T12:35:24
1407,432,14,ASIGNADO,,2025-08-10T12:40:24
1408,432,14,ACEPTADO,,2025-08-10T13:04:24
1409,433,16,CREADO,,2025-08-18T03:02:24
1410,433,16,ASIGNADO,,2025-08-18T03:07:24
1411,433,16,ACEPTADO,,2025-08-18T03:14:24
1412,434,21,CREADO,,2025-07-23T11:10:24
1413,434,21,ASIGNADO,,2025-07-23T11:15:24
1414,434,21,ACEPTADO,,2025-07-23T12:06:24
1415,434,21,INICIADO,,2025-07-23T12:54:24
1416,434,21,RESUELTO,,2025-07-23T15:50:24
1417,435,18,CREADO,,2025-07-21T04:53:24
1418,435,18,ASIGNADO,,2025-07-21T04:58:24
1419,435,18,ACEPTADO,,2025-07-21T05:43:24
1420,435,18,INICIADO,,2025-07-21T06:22:24
1421,435,18,RESUELTO,,2025-07-21T08:01:24
1422,436,12,CREADO,,2025-07-26T06:24:24
1423,436,12,ASIGNADO,,2025-07-26T06:29:24
1424,436,12,ACEPTADO,,2025-07-26T06:57:24
1425,436,12,INICIADO,,2025-07-26T07:30:24
1426,436,12,RESUELTO,,2025-07-26T10:19:24
1427,437,4,CREADO,,2025-08-31T07:11:24
1428,438,12,CREADO,,2025-09-03T08:20:24
1429,438,12,ASIGNADO,,2025-09-03T08:25:24
1430,438,12,ACEPTADO,,2025-09-03T09:16:24
1431,439,21,CREADO,,2025-07-22T13:35:24
1432,439,21,ASIGNADO,,2025-07-22T13:40:24
1433,439,21,ACEPTADO,,2025-07-22T14:34:24
1434,440,18,CREADO,,2025-08-12T13:09:24
1435,440,18,ASIGNADO,,2025-08-12T13:14:24
1436,440,18,ACEPTADO,,2025-08-12T14:01:24
1437,440,18,INICIADO,,2025-08-12T14:13:24
1438,440,18,PAUSADO,Falta repuesto,2025-08-12T14:35:24
1439,441,10,CREADO,,2025-08-16T08:32:24
1440,441,10,ASIGNADO,,2025-08-16T08:37:24
1441,441,10,ACEPTADO,,2025-08-16T09:27:24
1442,441,10,INICIADO,,2025-08-16T10:23:24
1443,442,7,CREADO,,2025-08-30T05:08:24
1444,442,7,ASIGNADO,,2025-08-30T05:13:24
1445,442,7,ACEPTADO,,2025-08-30T05:42:24
1446,442,7,INICIADO,,2025-08-30T05:50:24
1447,442,7,RESUELTO,,2025-08-30T06:49:24
1448,443,18,CREADO,,2025-08-05T09:39:24
1449,443,18,ASIGNADO,,2025-08-05T09:44:24
1450,443,18,ACEPTADO,,2025-08-05T10:25:24
1451,443,18,INICIADO,,2025-08-05T10:38:24
1452,443,18,PAUSADO,Falta repuesto,2025-08-05T10:48:24
1453,444,14,CREADO,,2025-07-31T10:45:24
1454,444,14,ASIGNADO,,2025-07-31T10:50:24
1455,444,14,ACEPTADO,,2025-07-31T11:20:24
1456,445,17,CREADO,,2025-07-28T15:24:24
1457,445,17,ASIGNADO,,2025-07-28T15:29:24
1458,445,17,ACEPTADO,,2025-07-28T16:03:24
1459,445,17,INICIADO,,2025-07-28T17:02:24
1460,445,17,RESUELTO,,2025-07-28T18:44:24
1461,446,6,CREADO,,2025-08-14T20:47:24
1462,447,18,CREADO,,2025-09-10T03:47:24
1463,447,18,ASIGNADO,,2025-09-10T03:52:24
1464,448,21,CREADO,,2025-08-29T12:02:24
1465,448,21,ASIGNADO,,2025-08-29T12:07:24
1466,449,3,CREADO,,2025-07-23T23:06:24
1467,450,21,CREADO,,2025-08-13T21:35:24
1468,450,21,ASIGNADO,,2025-08-13T21:40:24
1469,450,21,ACEPTADO,,2025-08-13T22:21:24
1470,450,21,INICIADO,,2025-08-13T22:54:24
1471,450,21,PAUSADO,Falta repuesto,2025-08-13T23:11:24
1472,451,20,CREADO,,2025-09-09T09:47:24
1473,451,20,ASIGNADO,,2025-09-09T09:52:24
1474,451,20,ACEPTADO,,2025-09-09T10:29:24
1475,451,20,INICIADO,,2025-09-09T10:59:24
1476,451,20,RESUELTO,,2025-09-09T12:19:24
1477,452,4,CREADO,,2025-07-21T04:55:24
1478,453,12,CREADO,,2025-08-03T03:37:24
1479,453,12,ASIGNADO,,2025-08-03T03:42:24
1480,453,12,ACEPTADO,,2025-08-03T03:59:24
1481,454,23,CREADO,,2025-07-19T19:06:24
1482,454,23,ASIGNADO,,2025-07-19T19:11:24
1483,455,16,CREADO,,2025-09-13T02:18:24
1484,455,16,ASIGNADO,,2025-09-13T02:23:24
1485,455,16,ACEPTADO,,2025-09-13T03:00:24
1486,455,16,INICIADO,,2025-09-13T03:32:24
1487,455,16,PAUSADO,Falta repuesto,2025-09-13T04:12:24
1488,456,19,CREADO,,2025-08-11T20:59:24
1489,456,19,ASIGNADO,,2025-08-11T21:04:24
1490,456,19,ACEPTADO,,2025-08-11T21:45:24
1491,456,19,INICIADO,,2025-08-11T22:13:24
1492,456,19,PAUSADO,Falta repuesto,2025-08-11T22:20:24
1493,457,21,CREADO,,2025-08-12T19:12:24
1494,457,21,ASIGNADO,,2025-08-12T19:17:24
1495,457,21,ACEPTADO,,2025-08-12T19:27:24
1496,457,21,INICIADO,,2025-08-12T20:05:24
1497,457,21,PAUSADO,Falta repuesto,2025-08-12T20:15:24
1498,458,3,CREADO,,2025-09-05T01:35:24
1499,459,23,CREADO,,2025-09-10T18:21:24
1500,459,23,ASIGNADO,,2025-09-10T18:26:24
1501,459,23,ACEPTADO,,2025-09-10T19:21:24
1502,460,14,CREADO,,2025-07-29T21:50:24
1503,460,14,ASIGNADO,,2025-07-29T21:55:24
1504,460,14,ACEPTADO,,2025-07-29T22:16:24
1505,460,14,INICIADO,,2025-07-29T22:29:24
1506,460,14,PAUSADO,Falta repuesto,2025-07-29T22:51:24
1507,461,24,CREADO,,2025-08-03T07:57:24
1508,461,24,ASIGNADO,,2025-08-03T08:02:24
1509,462,18,CREADO,,2025-08-01T09:32:24
1510,462,18,ASIGNADO,,2025-08-01T09:37:24
1511,462,18,ACEPTADO,,2025-08-01T10:31:24
1512,463,12,CREADO,,2025-07-28T22:11:24
1513,463,12,ASIGNADO,,2025-07-28T22:16:24
1514,464,14,CREADO,,2025-08-22T20:55:24
1515,464,14,ASIGNADO,,2025-08-22T21:00:24
1516,464,14,ACEPTADO,,2025-08-22T21:14:24
1517,464,14,INICIADO,,2025-08-22T21:52:24
1518,464,14,RESUELTO,,2025-08-23T01:49:24
1519,465,17,CREADO,,2025-09-14T09:16:24
1520,465,17,ASIGNADO,,2025-09-14T09:21:24
1521,465,17,ACEPTADO,,2025-09-14T10:05:24
1522,466,20,CREADO,,2025-08-09T09:00:24
1523,466,20,ASIGNADO,,2025-08-09T09:05:24
1524,466,20,ACEPTADO,,2025-08-09T09:31:24
1525,466,20,INICIADO,,2025-08-09T10:19:24
1526,466,20,RESUELTO,,2025-08-09T12:06:24
1527,467,5,CREADO,,2025-08-13T03:40:24
1528,468,16,CREADO,,2025-09-11T09:45:24
1529,468,16,ASIGNADO,,2025-09-11T09:50:24
1530,468,16,ACEPTADO,,2025-09-11T10:37:24
1531,468,16,INICIADO,,2025-09-11T11:30:24
1532,468,16,PAUSADO,Falta repuesto,2025-09-11T11:46:24
1533,469,11,CREADO,,2025-08-16T19:17:24
1534,469,11,ASIGNADO,,2025-08-16T19:22:24
1535,470,10,CREADO,,2025-07-24T16:24:24
1536,470,10,ASIGNADO,,2025-07-24T16:29:24
1537,470,10,ACEPTADO,,2025-07-24T17:13:24
1538,471,7,CREADO,,2025-07-27T18:26:24
1539,471,7,ASIGNADO,,2025-07-27T18:31:24
1540,471,7,ACEPTADO,,2025-07-27T18:40:24
1541,471,7,INICIADO,,2025-07-27T19:21:24
1542,471,7,RESUELTO,,2025-07-27T21:44:24
1543,472,20,CREADO,,2025-08-17T09:19:24
1544,472,20,ASIGNADO,,2025-08-17T09:24:24
1545,472,20,ACEPTADO,,2025-08-17T09:29:24
1546,472,20,INICIADO,,2025-08-17T10:06:24
1547,472,20,PAUSADO,Falta repuesto,2025-08-17T10:42:24
1548,473,21,CREADO,,2025-08-31T05:53:24
1549,473,21,ASIGNADO,,2025-08-31T05:58:24
1550,473,21,ACEPTADO,,2025-08-31T06:37:24
1551,473,21,INICIADO,,2025-08-31T07:04:24
1552,473,21,RESUELTO,,2025-08-31T10:09:24
1553,474,12,CREADO,,2025-08-13T18:13:24
1554,474,12,ASIGNADO,,2025-08-13T18:18:24
1555,474,12,ACEPTADO,,2025-08-13T18:58:24
1556,474,12,INICIADO,,2025-08-13T19:05:24
1557,474,12,PAUSADO,Falta repuesto,2025-08-13T19:34:24
1558,475,11,CREADO,,2025-08-27T05:35:24
1559,475,11,ASIGNADO,,2025-08-27T05:40:24
1560,475,11,ACEPTADO,,2025-08-27T05:47:24
1561,475,11,INICIADO,,2025-08-27T06:04:24
1562,475,11,PAUSADO,Falta repuesto,2025-08-27T06:10:24
1563,476,8,CREADO,,2025-08-28T06:19:24
1564,476,8,ASIGNADO,,2025-08-28T06:24:24
1565,476,8,ACEPTADO,,2025-08-28T06:50:24
1566,476,8,INICIADO,,2025-08-28T06:58:24
1567,476,8,RESUELTO,,2025-08-28T10:05:24
1568,477,7,CREADO,,2025-09-09T02:24:24
1569,477,7,ASIGNADO,,2025-09-09T02:29:24
1570,478,12,CREADO,,2025-07-30T05:57:24
1571,478,12,ASIGNADO,,2025-07-30T06:02:24
1572,478,12,ACEPTADO,,2025-07-30T06:47:24
1573,478,12,INICIADO,,2025-07-30T06:55:24
1574,478,12,RESUELTO,,2025-07-30T09:47:24
1575,479,9,CREADO,,2025-09-12T09:39:24
1576,479,9,ASIGNADO,,2025-09-12T09:44:24
1577,479,9,ACEPTADO,,2025-09-12T10:01:24
1578,479,9,INICIADO,,2025-09-12T10:33:24
1579,479,9,PAUSADO,Falta repuesto,2025-09-12T10:59:24
1580,480,3,CREADO,,2025-08-06T18:36:24
1581,481,10,CREADO,,2025-08-09T13:02:24
1582,481,10,ASIGNADO,,2025-08-09T13:07:24
1583,481,10,ACEPTADO,,2025-08-09T13:18:24
1584,481,10,INICIADO,,2025-08-09T14:13:24
1585,481,10,RESUELTO,,2025-08-09T19:51:24
1586,482,5,CREADO,,2025-09-10T09:49:24
1587,483,20,CREADO,,2025-08-03T06:06:24
1588,483,20,ASIGNADO,,2025-08-03T06:11:24
1589,484,19,CREADO,,2025-08-04T20:01:24
1590,484,19,ASIGNADO,,2025-08-04T20:06:24
1591,484,19,ACEPTADO,,2025-08-04T20:17:24
1592,484,19,INICIADO,,2025-08-04T21:01:24
1593,484,19,RESUELTO,,2025-08-05T00:21:24
1594,485,18,CREADO,,2025-07-31T22:46:24
1595,485,18,ASIGNADO,,2025-07-31T22:51:24
1596,485,18,ACEPTADO,,2025-07-31T23:07:24
1597,485,18,INICIADO,,2025-07-31T23:22:24
1598,485,18,RESUELTO,,2025-08-01T05:20:24
1599,486,11,CREADO,,2025-07-23T03:23:24
1600,486,11,ASIGNADO,,2025-07-23T03:28:24
1601,486,11,ACEPTADO,,2025-07-23T04:23:24
1602,486,11,INICIADO,,2025-07-23T04:29:24
1603,487,25,CREADO,,2025-08-17T00:16:24
1604,487,25,ASIGNADO,,2025-08-17T00:21:24
1605,487,25,ACEPTADO,,2025-08-17T00:33:24
1606,487,25,INICIADO,,2025-08-17T00:58:24
1607,487,25,PAUSADO,Falta repuesto,2025-08-17T01:17:24
1608,488,19,CREADO,,2025-07-31T13:25:24
1609,488,19,ASIGNADO,,2025-07-31T13:30:24
1610,489,13,CREADO,,2025-07-21T06:54:24
1611,489,13,ASIGNADO,,2025-07-21T06:59:24
1612,490,20,CREADO,,2025-09-14T10:31:24
1613,490,20,ASIGNADO,,2025-09-14T10:36:24
1614,490,20,ACEPTADO,,2025-09-14T11:16:24
1615,490,20,INICIADO,,2025-09-14T12:15:24
1616,490,20,RESUELTO,,2025-09-14T14:27:24
1617,491,11,CREADO,,2025-08-26T08:01:24
1618,491,11,ASIGNADO,,2025-08-26T08:06:24
1619,492,18,CREADO,,2025-08-30T04:57:24
1620,492,18,ASIGNADO,,2025-08-30T05:02:24
1621,492,18,ACEPTADO,,2025-08-30T05:40:24
1622,492,18,INICIADO,,2025-08-30T06:10:24
1623,492,18,RESUELTO,,2025-08-30T10:30:24
1624,493,13,CREADO,,2025-07-30T10:42:24
1625,493,13,ASIGNADO,,2025-07-30T10:47:24
1626,494,10,CREADO,,2025-07-30T23:37:24
1627,494,10,ASIGNADO,,2025-07-30T23:42:24
1628,494,10,ACEPTADO,,2025-07-31T00:37:24
1629,495,15,CREADO,,2025-08-14T08:42:24
1630,495,15,ASIGNADO,,2025-08-14T08:47:24
1631,495,15,ACEPTADO,,2025-08-14T09:36:24
1632,495,15,INICIADO,,2025-08-14T10:20:24
1633,495,15,RESUELTO,,2025-08-14T15:12:24
1634,496,21,CREADO,,2025-08-20T15:26:24
1635,496,21,ASIGNADO,,2025-08-20T15:31:24
1636,496,21,ACEPTADO,,2025-08-20T15:38:24
1637,496,21,INICIADO,,2025-08-20T16:06:24
1638,496,21,RESUELTO,,2025-08-20T19:28:24
1639,497,22,CREADO,,2025-09-15T10:38:24
1640,497,22,ASIGNADO,,2025-09-15T10:43:24
1641,497,22,ACEPTADO,,2025-09-15T11:36:24
1642,497,22,INICIADO,,2025-09-15T12:18:24
1643,497,22,RESUELTO,,2025-09-15T14:20:24
1644,498,17,CREADO,,2025-08-18T18:57:24
1645,498,17,ASIGNADO,,2025-08-18T19:02:24
1646,499,17,CREADO,,2025-07-24T08:09:24
1647,499,17,ASIGNADO,,2025-07-24T08:14:24
1648,500,10,CREADO,,2025-07-31T20:00:24
1649,500,10,ASIGNADO,,2025-07-31T20:05:24
1650,500,10,ACEPTADO,,2025-07-31T20:23:24
1651,500,10,INICIADO,,2025-07-31T21:01:24
1652,500,10,RESUELTO,,2025-08-01T02:37:24
1653,501,5,CREADO,,2025-07-20T07:43:24
1654,502,16,CREADO,,2025-09-15T04:07:24
1655,502,16,ASIGNADO,,2025-09-15T04:12:24
1656,502,16,ACEPTADO,,2025-09-15T04:54:24
1657,502,16,INICIADO,,2025-09-15T05:41:24
1658,503,8,CREADO,,2025-08-21T05:13:24
1659,503,8,ASIGNADO,,2025-08-21T05:18:24
1660,503,8,ACEPTADO,,2025-08-21T05:32:24
1661,503,8,INICIADO,,2025-08-21T05:59:24
1662,504,12,CREADO,,2025-08-01T08:05:24
1663,504,12,ASIGNADO,,2025-08-01T08:10:24
1664,505,12,CREADO,,2025-08-16T05:10:24
1665,505,12,ASIGNADO,,2025-08-16T05:15:24
1666,506,5,CREADO,,2025-08-29T01:24:24
1667,507,21,CREADO,,2025-09-08T14:07:24
1668,507,21,ASIGNADO,,2025-09-08T14:12:24
1669,507,21,ACEPTADO,,2025-09-08T15:03:24
1670,508,21,CREADO,,2025-07-20T14:58:24
1671,508,21,ASIGNADO,,2025-07-20T15:03:24
1672,508,21,ACEPTADO,,2025-07-20T15:22:24
1673,508,21,INICIADO,,2025-07-20T15:55:24
1674,509,24,CREADO,,2025-09-05T08:58:24
1675,509,24,ASIGNADO,,2025-09-05T09:03:24
1676,509,24,ACEPTADO,,2025-09-05T09:50:24
1677,509,24,INICIADO,,2025-09-05T10:00:24
1678,509,24,PAUSADO,Falta repuesto,2025-09-05T10:37:24
1679,510,18,CREADO,,2025-08-26T06:59:24
1680,510,18,ASIGNADO,,2025-08-26T07:04:24
1681,510,18,ACEPTADO,,2025-08-26T07:32:24
1682,510,18,INICIADO,,2025-08-26T07:37:24
1683,510,18,RESUELTO,,2025-08-26T10:17:24
1684,511,6,CREADO,,2025-08-25T22:40:24
1685,512,7,CREADO,,2025-09-10T03:09:24
1686,512,7,ASIGNADO,,2025-09-10T03:14:24
1687,512,7,ACEPTADO,,2025-09-10T03:19:24
1688,513,20,CREADO,,2025-08-22T02:47:24
1689,513,20,ASIGNADO,,2025-08-22T02:52:24
1690,513,20,ACEPTADO,,2025-08-22T03:28:24
1691,513,20,INICIADO,,2025-08-22T03:35:24
1692,514,15,CREADO,,2025-08-01T09:16:24
1693,514,15,ASIGNADO,,2025-08-01T09:21:24
1694,514,15,ACEPTADO,,2025-08-01T10:06:24
1695,514,15,INICIADO,,2025-08-01T11:04:24
1696,515,9,CREADO,,2025-08-12T14:23:24
1697,515,9,ASIGNADO,,2025-08-12T14:28:24
1698,515,9,ACEPTADO,,2025-08-12T15:11:24
1699,515,9,INICIADO,,2025-08-12T16:03:24
1700,516,14,CREADO,,2025-09-08T17:28:24
1701,516,14,ASIGNADO,,2025-09-08T17:33:24
1702,516,14,ACEPTADO,,2025-09-08T17:48:24
1703,516,14,INICIADO,,2025-09-08T18:30:24
1704,516,14,PAUSADO,Falta repuesto,2025-09-08T18:38:24
1705,517,15,CREADO,,2025-08-19T18:27:24
1706,517,15,ASIGNADO,,2025-08-19T18:32:24
1707,518,25,CREADO,,2025-09-05T20:33:24
1708,518,25,ASIGNADO,,2025-09-05T20:38:24
1709,518,25,ACEPTADO,,2025-09-05T21:03:24
1710,518,25,INICIADO,,2025-09-05T22:00:24
1711,518,25,RESUELTO,,2025-09-06T00:49:24
1712,519,17,CREADO,,2025-08-21T07:39:24
1713,519,17,ASIGNADO,,2025-08-21T07:44:24
1714,519,17,ACEPTADO,,2025-08-21T08:10:24
1715,519,17,INICIADO,,2025-08-21T08:25:24
1716,519,17,PAUSADO,Falta repuesto,2025-08-21T08:36:24
1717,520,25,CREADO,,2025-07-25T07:41:24
1718,520,25,ASIGNADO,,2025-07-25T07:46:24
1719,520,25,ACEPTADO,,2025-07-25T07:59:24
1720,520,25,INICIADO,,2025-07-25T08:05:24
1721,521,11,CREADO,,2025-07-20T23:37:24
1722,521,11,ASIGNADO,,2025-07-20T23:42:24
1723,521,11,ACEPTADO,,2025-07-20T23:55:24
1724,521,11,INICIADO,,2025-07-21T00:54:24
1725,522,6,CREADO,,2025-08-31T10:40:24
1726,523,3,CREADO,,2025-07-19T07:14:24
1727,524,13,CREADO,,2025-08-12T14:44:24
1728,524,13,ASIGNADO,,2025-08-12T14:49:24
1729,525,24,CREADO,,2025-09-04T12:03:24
1730,525,24,ASIGNADO,,2025-09-04T12:08:24
1731,525,24,ACEPTADO,,2025-09-04T12:25:24
1732,525,24,INICIADO,,2025-09-04T12:48:24
1733,526,6,CREADO,,2025-08-04T05:12:24
1734,527,17,CREADO,,2025-08-15T23:21:24
1735,527,17,ASIGNADO,,2025-08-15T23:26:24
1736,527,17,ACEPTADO,,2025-08-15T23:38:24
1737,527,17,INICIADO,,2025-08-16T00:16:24
1738,528,21,CREADO,,2025-08-13T04:21:24
1739,528,21,ASIGNADO,,2025-08-13T04:26:24
1740,529,11,CREADO,,2025-08-30T15:55:24
1741,529,11,ASIGNADO,,2025-08-30T16:00:24
1742,529,11,ACEPTADO,,2025-08-30T16:05:24
1743,529,11,INICIADO,,2025-08-30T16:53:24
1744,530,23,CREADO,,2025-09-10T02:53:24
1745,530,23,ASIGNADO,,2025-09-10T02:58:24
1746,531,13,CREADO,,2025-08-26T00:34:24
1747,531,13,ASIGNADO,,2025-08-26T00:39:24
1748,532,21,CREADO,,2025-08-24T04:19:24
1749,532,21,ASIGNADO,,2025-08-24T04:24:24
1750,532,21,ACEPTADO,,2025-08-24T04:46:24
1751,532,21,INICIADO,,2025-08-24T05:00:24
1752,532,21,RESUELTO,,2025-08-24T09:07:24
1753,533,11,CREADO,,2025-09-01T16:59:24
1754,533,11,ASIGNADO,,2025-09-01T17:04:24
1755,533,11,ACEPTADO,,2025-09-01T17:33:24
1756,533,11,INICIADO,,2025-09-01T18:16:24
1757,533,11,RESUELTO,,2025-09-01T21:18:24
1758,534,19,CREADO,,2025-09-01T16:28:24
1759,534,19,ASIGNADO,,2025-09-01T16:33:24
1760,535,18,CREADO,,2025-08-15T23:57:24
1761,535,18,ASIGNADO,,2025-08-16T00:02:24
1762,535,18,ACEPTADO,,2025-08-16T00:36:24
1763,535,18,INICIADO,,2025-08-16T00:43:24
1764,535,18,RESUELTO,,2025-08-16T01:14:24
1765,536,20,CREADO,,2025-08-31T17:39:24
1766,536,20,ASIGNADO,,2025-08-31T17:44:24
1767,537,21,CREADO,,2025-08-11T08:11:24
1768,537,21,ASIGNADO,,2025-08-11T08:16:24
1769,537,21,ACEPTADO,,2025-08-11T08:45:24
1770,537,21,INICIADO,,2025-08-11T09:29:24
1771,538,3,CREADO,,2025-09-09T12:29:24
1772,539,11,CREADO,,2025-08-09T14:19:24
1773,539,11,ASIGNADO,,2025-08-09T14:24:24
1774,539,11,ACEPTADO,,2025-08-09T15:10:24
1775,540,24,CREADO,,2025-07-21T18:27:24
1776,540,24,ASIGNADO,,2025-07-21T18:32:24
1777,540,24,ACEPTADO,,2025-07-21T19:04:24
1778,541,17,CREADO,,2025-08-16T17:08:24
1779,541,17,ASIGNADO,,2025-08-16T17:13:24
1780,541,17,ACEPTADO,,2025-08-16T17:24:24
1781,541,17,INICIADO,,2025-08-16T18:13:24
1782,542,24,CREADO,,2025-08-05T17:32:24
1783,542,24,ASIGNADO,,2025-08-05T17:37:24
1784,543,21,CREADO,,2025-07-26T17:41:24
1785,543,21,ASIGNADO,,2025-07-26T17:46:24
1786,544,12,CREADO,,2025-08-26T18:30:24
1787,544,12,ASIGNADO,,2025-08-26T18:35:24
1788,545,12,CREADO,,2025-09-08T20:56:24
1789,545,12,ASIGNADO,,2025-09-08T21:01:24
1790,545,12,ACEPTADO,,2025-09-08T21:48:24
1791,545,12,INICIADO,,2025-09-08T22:45:24
1792,545,12,RESUELTO,,2025-09-09T02:59:24
1793,546,12,CREADO,,2025-08-29T11:07:24
1794,546,12,ASIGNADO,,2025-08-29T11:12:24
1795,546,12,ACEPTADO,,2025-08-29T11:26:24
1796,546,12,INICIADO,,2025-08-29T12:18:24
1797,546,12,RESUELTO,,2025-08-29T15:06:24
1798,547,16,CREADO,,2025-09-11T02:12:24
1799,547,16,ASIGNADO,,2025-09-11T02:17:24
1800,547,16,ACEPTADO,,2025-09-11T02:37:24
1801,547,16,INICIADO,,2025-09-11T02:49:24
1802,547,16,RESUELTO,,2025-09-11T04:20:24
1803,548,8,CREADO,,2025-08-12T04:32:24
1804,548,8,ASIGNADO,,2025-08-12T04:37:24
1805,548,8,ACEPTADO,,2025-08-12T04:58:24
1806,548,8,INICIADO,,2025-08-12T05:53:24
1807,549,5,CREADO,,2025-07-26T00:08:24
1808,550,20,CREADO,,2025-09-08T08:06:24
1809,550,20,ASIGNADO,,2025-09-08T08:11:24
1810,551,24,CREADO,,2025-09-09T13:16:24
1811,551,24,ASIGNADO,,2025-09-09T13:21:24
1812,551,24,ACEPTADO,,2025-09-09T14:13:24
1813,551,24,INICIADO,,2025-09-09T14:33:24
1814,551,24,RESUELTO,,2025-09-09T18:24:24
1815,552,19,CREADO,,2025-07-28T15:34:24
1816,552,19,ASIGNADO,,2025-07-28T15:39:24
1817,552,19,ACEPTADO,,2025-07-28T16:11:24
1818,552,19,INICIADO,,2025-07-28T16:46:24
1819,553,13,CREADO,,2025-07-23T08:14:24
1820,553,13,ASIGNADO,,2025-07-23T08:19:24
1821,554,15,CREADO,,2025-08-23T03:16:24
1822,554,15,ASIGNADO,,2025-08-23T03:21:24
1823,554,15,ACEPTADO,,2025-08-23T03:31:24
1824,554,15,INICIADO,,2025-08-23T04:28:24
1825,554,15,RESUELTO,,2025-08-23T06:43:24
1826,555,22,CREADO,,2025-09-01T02:55:24
1827,555,22,ASIGNADO,,2025-09-01T03:00:24
1828,555,22,ACEPTADO,,2025-09-01T03:31:24
1829,555,22,INICIADO,,2025-09-01T04:29:24
1830,555,22,PAUSADO,Falta repuesto,2025-09-01T04:55:24
1831,556,16,CREADO,,2025-09-06T05:19:24
1832,556,16,ASIGNADO,,2025-09-06T05:24:24
1833,557,21,CREADO,,2025-08-15T04:16:24
1834,557,21,ASIGNADO,,2025-08-15T04:21:24
1835,557,21,ACEPTADO,,2025-08-15T04:31:24
1836,557,21,INICIADO,,2025-08-15T04:43:24
1837,557,21,PAUSADO,Falta repuesto,2025-08-15T04:58:24
1838,558,12,CREADO,,2025-07-30T12:27:24
1839,558,12,ASIGNADO,,2025-07-30T12:32:24
1840,558,12,ACEPTADO,,2025-07-30T13:20:24
1841,558,12,INICIADO,,2025-07-30T14:02:24
1842,558,12,RESUELTO,,2025-07-30T17:04:24
1843,559,8,CREADO,,2025-09-07T04:55:24
1844,559,8,ASIGNADO,,2025-09-07T05:00:24
1845,559,8,ACEPTADO,,2025-09-07T05:34:24
1846,559,8,INICIADO,,2025-09-07T05:51:24
1847,560,7,CREADO,,2025-08-02T20:26:24
1848,560,7,ASIGNADO,,2025-08-02T20:31:24
1849,560,7,ACEPTADO,,2025-08-02T21:21:24
1850,560,7,INICIADO,,2025-08-02T21:59:24
1851,561,23,CREADO,,2025-08-11T14:19:24
1852,561,23,ASIGNADO,,2025-08-11T14:24:24
1853,561,23,ACEPTADO,,2025-08-11T15:00:24
1854,561,23,INICIADO,,2025-08-11T15:29:24
1855,562,15,CREADO,,2025-07-31T15:37:24
1856,562,15,ASIGNADO,,2025-07-31T15:42:24
1857,562,15,ACEPTADO,,2025-07-31T16:03:24
1858,562,15,INICIADO,,2025-07-31T16:23:24
1859,562,15,RESUELTO,,2025-07-31T21:54:24
1860,563,24,CREADO,,2025-08-23T13:16:24
1861,563,24,ASIGNADO,,2025-08-23T13:21:24
1862,563,24,ACEPTADO,,2025-08-23T13:50:24
1863,563,24,INICIADO,,2025-08-23T14:40:24
1864,564,3,CREADO,,2025-09-11T13:26:24
1865,565,11,CREADO,,2025-08-03T16:38:24
1866,565,11,ASIGNADO,,2025-08-03T16:43:24
1867,565,11,ACEPTADO,,2025-08-03T17:20:24
1868,565,11,INICIADO,,2025-08-03T17:56:24
1869,566,16,CREADO,,2025-07-22T09:16:24
1870,566,16,ASIGNADO,,2025-07-22T09:21:24
1871,567,24,CREADO,,2025-08-02T09:12:24
1872,567,24,ASIGNADO,,2025-08-02T09:17:24
1873,567,24,ACEPTADO,,2025-08-02T09:53:24
1874,567,24,INICIADO,,2025-08-02T10:46:24
1875,568,15,CREADO,,2025-07-21T15:08:24
1876,568,15,ASIGNADO,,2025-07-21T15:13:24
1877,568,15,ACEPTADO,,2025-07-21T15:28:24
1878,568,15,INICIADO,,2025-07-21T16:18:24
1879,569,14,CREADO,,2025-07-31T20:13:24
1880,569,14,ASIGNADO,,2025-07-31T20:18:24
1881,569,14,ACEPTADO,,2025-07-31T20:28:24
1882,570,16,CREADO,,2025-07-18T17:48:24
1883,570,16,ASIGNADO,,2025-07-18T17:53:24
1884,570,16,ACEPTADO,,2025-07-18T18:02:24
1885,570,16,INICIADO,,2025-07-18T18:22:24
1886,570,16,RESUELTO,,2025-07-18T22:52:24
1887,571,5,CREADO,,2025-07-28T00:30:24
1888,572,15,CREADO,,2025-09-16T02:13:24
1889,572,15,ASIGNADO,,2025-09-16T02:18:24
1890,572,15,ACEPTADO,,2025-09-16T03:09:24
1891,572,15,INICIADO,,2025-09-16T04:00:24
1892,573,6,CREADO,,2025-09-06T04:04:24
1893,574,22,CREADO,,2025-08-23T23:50:24
1894,574,22,ASIGNADO,,2025-08-23T23:55:24
1895,574,22,ACEPTADO,,2025-08-24T00:48:24
1896,574,22,INICIADO,,2025-08-24T01:34:24
1897,574,22,RESUELTO,,2025-08-24T03:07:24
1898,575,17,CREADO,,2025-08-20T19:31:24
1899,575,17,ASIGNADO,,2025-08-20T19:36:24
1900,575,17,ACEPTADO,,2025-08-20T20:09:24
1901,575,17,INICIADO,,2025-08-20T20:38:24
1902,575,17,RESUELTO,,2025-08-21T00:56:24
1903,576,19,CREADO,,2025-07-26T19:50:24
1904,576,19,ASIGNADO,,2025-07-26T19:55:24
1905,576,19,ACEPTADO,,2025-07-26T20:21:24
1906,576,19,INICIADO,,2025-07-26T20:55:24
1907,576,19,RESUELTO,,2025-07-26T23:04:24
1908,577,11,CREADO,,2025-08-30T20:09:24
1909,577,11,ASIGNADO,,2025-08-30T20:14:24
1910,577,11,ACEPTADO,,2025-08-30T20:27:24
1911,577,11,INICIADO,,2025-08-30T21:15:24
1912,577,11,PAUSADO,Falta repuesto,2025-08-30T21:39:24
1913,578,23,CREADO,,2025-07-26T23:12:24
1914,578,23,ASIGNADO,,2025-07-26T23:17:24
1915,578,23,ACEPTADO,,2025-07-27T00:08:24
1916,578,23,INICIADO,,2025-07-27T00:49:24
1917,579,9,CREADO,,2025-08-23T03:13:24
1918,579,9,ASIGNADO,,2025-08-23T03:18:24
1919,579,9,ACEPTADO,,2025-08-23T03:49:24
1920,579,9,INICIADO,,2025-08-23T04:39:24
1921,580,23,CREADO,,2025-07-25T11:40:24
1922,580,23,ASIGNADO,,2025-07-25T11:45:24
1923,580,23,ACEPTADO,,2025-07-25T11:56:24
1924,580,23,INICIADO,,2025-07-25T12:28:24
1925,581,22,CREADO,,2025-08-14T22:16:24
1926,581,22,ASIGNADO,,2025-08-14T22:21:24
1927,582,4,CREADO,,2025-07-19T19:30:24
1928,583,18,CREADO,,2025-08-29T13:10:24
1929,583,18,ASIGNADO,,2025-08-29T13:15:24
1930,584,10,CREADO,,2025-09-09T15:14:24
1931,584,10,ASIGNADO,,2025-09-09T15:19:24
1932,584,10,ACEPTADO,,2025-09-09T15:42:24
1933,584,10,INICIADO,,2025-09-09T16:23:24
1934,585,8,CREADO,,2025-09-10T14:25:24
1935,585,8,ASIGNADO,,2025-09-10T14:30:24
1936,585,8,ACEPTADO,,2025-09-10T15:06:24
1937,585,8,INICIADO,,2025-09-10T15:36:24
1938,585,8,PAUSADO,Falta repuesto,2025-09-10T16:12:24
